start,end,port_gross,port_net,port_turnover,n_holdings,n_net_buying,bench_ew_gross,bench_ew_net,bench_mdy,rf
2019-02-01,2019-03-01,0.050671250774540835,0.04804457264760442,1.0,50,49,0.052919201767423985,0.0502869037630056,0.04778249924745137,0.0019017109693872936
2019-03-01,2019-04-01,-0.0011084752851343066,-0.0037072315134423217,1.0406560328158498,50,34,0.0006619286826546396,0.0005062827863402397,0.00013762492448554653,0.002102101330598183
2019-04-01,2019-05-01,0.01749224891818364,0.015366253048686218,0.8357786987598055,50,28,0.0201915897213508,0.02006310279989809,0.01414274193879761,0.002102101330598183
2019-05-01,2019-06-03,-0.06465967314870161,-0.06570326531814663,0.4462940983024595,50,24,-0.06107094541162187,-0.06120788359892637,-0.06305082797338268,0.00220231154073125
2019-06-03,2019-07-01,0.07722513439134594,0.07453644401536108,0.9983763988217871,50,32,0.08112864572460501,0.08090107532996704,0.07233231119393002,0.0020019011404841525
2019-07-01,2019-08-01,0.0010888949477207747,-0.000517329274280498,0.6417908459907908,50,35,-0.0012008032454662015,-0.0013517931847655262,-0.008105968050864165,0.00220231154073125
2019-08-01,2019-09-03,-0.07231074664336573,-0.0733944777635539,0.467281955144769,50,37,-0.03385355218777905,-0.03401331483505665,-0.037939629147315634,0.00220231154073125
2019-09-03,2019-10-01,0.06029938253568014,0.0577803535081689,0.9503085898200139,50,48,0.028299809028972927,0.028109259445223023,0.023768197300322313,0.0020019011404841525
2019-10-01,2019-11-01,0.07908032300165901,0.07808981083011646,0.3671690236319862,50,50,0.06109798184872856,0.06092219150735323,0.04511923401469353,0.002302531771885219
2019-11-01,2019-12-02,0.022546392668462752,0.021782752479441836,0.2987209947621682,50,45,0.010446251471145767,0.010281614909142256,0.0077488448745755,0.0020019011404841525
2019-12-02,2020-01-02,0.06678367262388013,0.06391672886274424,1.0749859918963403,50,35,0.04674203401273795,0.04659401221505988,0.03635165797518147,0.002102101330598183
2020-01-02,2020-02-03,-0.03151388694427949,-0.03326618887332977,0.7237282622551965,50,33,-0.021998768480890846,-0.022129963326847912,-0.016785079600897035,0.002102101330598183
2020-02-03,2020-03-02,-0.08851805702281543,-0.08942895101293691,0.3997419793731399,50,33,-0.0795965589944933,-0.07977398501485111,-0.07429255093141307,0.0019017109693872936
2020-03-02,2020-04-01,-0.35332386647402,-0.3548207062031441,0.9258666906185263,50,34,-0.29930206524121244,-0.29941518277376944,-0.2747575906767169,0.002102101330598183
2020-04-01,2020-05-01,0.2742121380441376,0.27063331328548434,1.123462774148892,50,50,0.2289078794495042,0.22833920491470394,0.17214586386442599,0.0
2020-05-01,2020-06-01,0.1512079388418725,0.15029855697502015,0.31597484213575355,50,50,0.1394804096476392,0.1391249543118569,0.12489619018844111,0.0
2020-06-01,2020-07-01,-0.020801701498657385,-0.021863843023021357,0.4338820955835565,50,50,-0.0012415273555236165,-0.0014552265886031979,-0.006728211500054759,0.0
2020-07-01,2020-08-03,0.036171020689402596,0.033001512681382295,1.2235462852113081,50,50,0.07153641510490472,0.07133262705226628,0.06591590688812632,0.0
2020-08-03,2020-09-01,0.07606968688182451,0.07499881342591252,0.39806844072152087,50,50,0.05098020955620787,0.05077020853274061,0.03046873135873973,0.0
2020-09-01,2020-10-01,-0.058813104153511084,-0.06078621651148319,0.8385634635074517,50,44,-0.04050481779222341,-0.040683227189922455,-0.026990744548501255,0.0
2020-10-01,2020-11-02,0.08110646773667086,0.07964096936781861,0.5422216636702668,50,45,0.04428862909612436,0.04410403725329082,0.027830264741814048,0.0
2020-11-02,2020-12-01,0.18189542526838914,0.18081677525602857,0.3650576825324153,50,47,0.16773469341002,0.16748319020810754,0.1352139888630992,0.0
2020-12-01,2021-01-04,0.06429083024605718,0.06201843118647776,0.8540519170137661,50,30,0.04734583843390662,0.047116590536080416,0.03483249218220186,0.0
2021-01-04,2021-02-01,0.29701147419277457,0.29451516349434037,0.7698654169541357,50,22,0.08826629812401196,0.08809480956544657,0.052159986503286904,0.0
2021-02-01,2021-03-01,0.13086194240241994,0.1292807438753394,0.5592896772957077,50,21,0.09234705568280266,0.09207307248348573,0.07525881717466021,0.0
2021-03-01,2021-04-01,0.05962353695801009,0.05702062993751311,0.9825780306728381,50,21,0.03845330993357028,0.03823107431423001,0.03324435689729288,0.0
2021-04-01,2021-05-03,0.05148196179750892,0.04931104167320677,0.8258515897280552,50,18,0.03586954096943061,0.03569919435504265,0.03574520999322006,0.0
2021-05-03,2021-06-01,0.025565856543426822,0.024450923512632672,0.4348557525313592,50,18,0.01709374144784156,0.016957608962334003,0.001941760595588704,0.0
2021-06-01,2021-07-01,0.005302721400140566,0.002943587000469927,0.9386762213814007,50,16,-0.0023204496646102206,-0.0024653489123137584,-0.010449303341867777,0.0
2021-07-01,2021-08-02,-0.013669274667389188,-0.016018054427471617,0.9525323300824328,50,18,-0.012480285047866167,-0.012645968233396587,-0.009287803091718061,0.0
2021-08-02,2021-09-01,0.029794602384299325,0.02824646793854524,0.6013371762367643,50,22,0.03317746545958335,0.03299530893216973,0.026453397975422677,0.0
2021-09-01,2021-10-01,0.020599212182483843,0.017670523074690747,1.1478312241806716,50,31,-0.012945260306102775,-0.013091835830509657,-0.027194503570340145,0.0
2021-10-01,2021-11-01,0.051593130232618856,0.05007458202184778,0.5776181555827756,50,34,0.05568922188137895,0.05550163607931835,0.06368429896020711,0.0
2021-11-01,2021-12-01,-0.0704232591399436,-0.07123526538909719,0.349409021745655,50,33,-0.06502111471146257,-0.06515674823705642,-0.0652774858287527,0.0
2021-12-01,2022-01-03,0.08721257773630067,0.0845127247653874,0.9933118973051859,50,32,0.07283806194656808,0.07263494301827911,0.07182043805465432,0.0
2022-01-03,2022-02-01,-0.024379067939380248,-0.026198059757277403,0.7457781021795714,50,42,-0.05934983249248864,-0.05947090017702106,-0.0659872375929158,0.0
2022-02-01,2022-03-01,-0.011013285697886132,-0.011938694518163762,0.3742856428281167,50,39,-0.01734439118903361,-0.01752189377648572,-0.01806456509794474,0.0
2022-03-01,2022-04-01,0.050830586948850356,0.04862339409382699,0.8401707686990956,50,37,0.04382334363508119,0.04361952912948097,0.039383486624393615,0.0
2022-04-01,2022-05-02,-0.07133148496479502,-0.07312968753387217,0.7745293568002196,50,41,-0.06941090950529288,-0.06960009082732022,-0.0710670085909555,0.0
2022-05-02,2022-06-01,0.027233355634978085,0.02628919739560409,0.3676509272969931,50,49,-0.00045501651409165025,-0.0006171455693646521,-0.007107433690849652,0.0
2022-06-01,2022-07-01,-0.0544989773892936,-0.05642065633283955,0.8129780497708067,50,50,-0.07015161920568141,-0.07033501649063167,-0.07706508473255269,0.0
2022-07-01,2022-08-01,0.09810952536841361,0.0960323521171802,0.756636092574327,50,50,0.09616368264559685,0.09594792170613364,0.09425807806237829,9.999999999998899e-05
2022-08-01,2022-09-01,-0.03284588640556055,-0.033352860202754187,0.2096765303760993,50,50,-0.04028768489266853,-0.04044484816359317,-0.03857493985052829,0.002302531771885219
2022-09-01,2022-10-03,-0.06645939583135002,-0.06887574520035133,1.035348375083557,50,39,-0.05648893832958686,-0.0566466536849185,-0.0582345482545602,0.002102101330598183
2022-10-03,2022-11-01,0.09367124388724207,0.09148975946645321,0.7978574669422731,50,34,0.08728889314847368,0.0871236641911246,0.07820584066621894,0.002102101330598183
2022-11-01,2022-12-01,0.07588232527315897,0.07493594189935915,0.35185386043392985,50,35,0.0656669739760794,0.06547585380276755,0.053995818641854765,0.002202301520712213
2022-12-01,2023-01-03,-0.03312917575777621,-0.03518425593758723,0.8501984456596601,50,28,-0.05352234995995494,-0.05369298706113501,-0.058082141605744764,0.004208410649582328
2023-01-03,2023-02-01,0.13493753910454961,0.13248719401412856,0.8636052667195454,50,22,0.13233341501404855,0.13218883910159085,0.11522046901993654,0.004007609127756773
2023-02-01,2023-03-01,-0.02938199497777842,-0.03047573131405734,0.45073811968031885,50,22,-0.02787283051496711,-0.028049358832618387,-0.03178027352155133,0.0038068477582051674
2023-03-01,2023-04-03,-0.04889916348951441,-0.05156006166140026,1.1190814137641059,50,16,-0.031803598953966866,-0.03196909567901174,-0.034918645885574695,0.0046101341821787045
2023-04-03,2023-05-01,-0.00957785194214778,-0.012031534910189268,0.9909644984628097,50,33,-0.01243194037875501,-0.012616108662621639,-0.007837894723680572,0.0038068477582051674
2023-05-01,2023-06-01,-0.01817799449092347,-0.01920995149402538,0.4204252898434022,50,31,-0.0047846745681816155,-0.004938605065911483,-0.02303935231520371,0.004409252331712299
2023-06-01,2023-07-03,0.07837429312665836,0.07606634700778336,0.8560835077710837,50,47,0.08510354138095572,0.08489406057057547,0.08371056289104573,0.004208410649582328
2023-07-03,2023-08-01,0.07911348938338722,0.07758761368758482,0.5656034182926154,50,41,0.04660653774485314,0.046433893713835106,0.036196957059365875,0.004007609127756773
2023-08-01,2023-09-01,-0.027771548975541127,-0.02849368679009745,0.2971062259268187,50,37,-0.010821727031070802,-0.010974177594180401,-0.01718446183092781,0.0046101341821787045
2023-09-01,2023-10-02,-0.09059754960724109,-0.09279680716288463,0.9673418208599649,50,33,-0.07126760701650844,-0.07142036080509429,-0.07438287161176305,0.004007609127756773
2023-10-02,2023-11-01,-0.022085772957179582,-0.023717806418241394,0.6675568944311029,50,30,-0.03629679516482866,-0.03642900684948236,-0.03464197870541974,0.004409252331712299
2023-11-01,2023-12-01,0.12450933484649349,0.12301368003390922,0.5320204168117337,50,33,0.12275888014500724,0.12256057767368822,0.10388512881332157,0.004208410649582328
2023-12-01,2024-01-02,0.06713689323939147,0.06497747496545414,0.8094250278920074,50,33,0.06782085736043589,0.06761830243321776,0.057148526156214574,0.004007609127756773
2024-01-02,2024-02-01,-0.030418853271101044,-0.032039556624367416,0.6686199948232016,50,29,-0.0073238694421130165,-0.007462878644859727,-0.0005733428635160687,0.004208410649582328
2024-02-01,2024-03-01,0.030658372035732604,0.02973069407057105,0.3600331556339313,50,29,0.04688734568792592,0.04672996482964287,0.051755886117274,0.004007609127756773
2024-03-01,2024-04-01,0.03915971405834806,0.03655709085879577,1.0018183593311432,50,19,0.03686849615121077,0.036659863535412285,0.0410405518045438,0.004007609127756773
2024-04-01,2024-05-01,-0.045266382585788925,-0.04666732766803072,0.5869470003731525,50,23,-0.0468484597390639,-0.04696868529332221,-0.052808028385018746,0.004409252331712299
2024-05-01,2024-06-03,0.040949161626246525,0.040011334209471894,0.3603739553656693,50,25,0.04609149343310205,0.04592913995305814,0.03511015205885992,0.004409252331712299
2024-06-03,2024-07-01,-0.023358793844245385,-0.02568894188551063,0.9543517216264511,50,25,-0.01516145091911618,-0.015344720524282374,-0.01836558792784515,0.0038068477582051674
2024-07-01,2024-08-01,0.050881875866315845,0.04871003909053773,0.8266720839534011,50,31,0.05304509912455612,0.0528999390557221,0.04493524609511179,0.004409252331712299
2024-08-01,2024-09-03,0.01661470401220694,0.015651370532442588,0.3790358238819037,50,30,0.005327975175435544,0.0051419546276687544,-0.005077118720696938,0.004409252331712299
2024-09-03,2024-10-01,0.04485179896024688,0.042039125365759045,1.076774178801918,50,35,0.037856621372514485,0.037706162107771446,0.029028551383116774,0.004007609127756773
2024-10-01,2024-11-01,-0.0018582347557208152,-0.0036686361054073524,0.7255087053665572,50,29,0.006351479878206625,0.006207470787301439,0.0031859303514638615,0.0046101341821787045
2024-11-01,2024-12-02,0.07643557545907781,0.07555199091301423,0.3283371773315054,50,29,0.08602643401993323,0.0858421291748015,0.08302873029317581,0.004007609127756773
2024-12-02,2025-01-02,-0.07622123468850944,-0.07846169299130257,0.9701276482741885,50,23,-0.0738526536966489,-0.07400782501528869,-0.07083316122355499,0.004208410649582328
2025-01-02,2025-02-03,0.028711621966833294,0.02665655470023598,0.7990839114534838,50,29,0.03326968927807722,0.03312674102634339,0.027802928331015053,0.004007609127756773
2025-02-03,2025-03-03,-0.04817856312169156,-0.04894850841343479,0.3235671153902494,50,27,-0.0450662741995388,-0.0452112278050687,-0.05336584317145854,0.0038068477582051674
2025-03-03,2025-04-01,-0.01579887588934983,-0.018032105479184546,0.9076313916437491,50,35,-0.02707800403078514,-0.027278081407088206,-0.02756835424917692,0.004208410649582328
2025-04-01,2025-05-01,-0.03438939743340141,-0.036311841437641657,0.7963640826355424,50,50,-0.02205378952191607,-0.022202188720278238,-0.023696295783655286,0.004208410649582328
2025-05-01,2025-06-02,0.05581210750000011,0.05511993534541948,0.2622330809293674,50,50,0.05604391719924447,0.055875260750692046,0.04693880913655413,0.004208410649582328
2025-06-02,2025-07-01,0.08820075024519422,0.08612548270454767,0.7628252563431315,50,50,0.06214550081987405,0.06194768858024946,0.0497823545562881,0.004007609127756773
2025-07-01,2025-08-01,-0.022658041578768787,-0.0246139459523792,0.8004995004081852,50,39,-0.010721795500765538,-0.010872767913718384,-0.011452695211149999,0.004409252331712299
2025-08-01,2025-09-02,0.08384612819732531,0.08295993383325095,0.3270554153469456,50,40,0.06155390668070519,0.06137227702707415,0.04482528974358013,0.004208410649582328
2025-09-02,2025-10-01,-0.002899734841542336,-0.005454741724152279,1.0249749084978574,50,33,0.013395300761095137,0.013214097415917392,0.01192018056955857,0.004208410649582328
2025-10-01,2025-11-03,-0.034069616631213565,-0.03553625073019806,0.6073456738650331,50,27,-0.011335722861081289,-0.01150927085519593,-0.008813255268011022,0.0046101341821787045
2025-11-03,2025-12-01,0.04196022002823549,0.04078706872379678,0.45036318350302007,50,32,0.02638390960325122,0.02618646277449943,0.01602844402022585,0.0038068477582051674
2025-12-01,2026-01-02,0.019916592862451708,0.017497915189665925,0.9485786150404595,50,36,0.018532669851189572,0.018354148814327953,0.018787041835044205,0.004409252331712299
2026-01-02,2026-02-02,0.04180496517645055,0.040360936702321215,0.5544333238553065,50,39,0.037538560105161684,0.03740005845843619,0.03497411241599235,0.003907228442981081
2026-02-02,2026-03-02,0.02501855823783377,0.024071234646511952,0.3696805618623564,50,38,0.024457476895659122,0.024280446033639658,0.040572828080634116,0.0019017109693872936
2026-03-02,2026-04-01,-0.05453694729961137,-0.05714602325113838,1.1038298933311368,50,31,-0.055521032505145396,-0.05574968501264377,-0.05322004722236595,0.00220231154073125
2026-04-01,2026-05-01,0.0645756678304696,0.06277488060042957,0.6766216003076234,50,39,0.07117380824581399,0.07098791098945156,0.06844764882873244,0.002202301520712213
2026-05-01,2026-06-01,0.009758697341075834,0.008932266637832642,0.3273775033260795,50,34,0.019221682845439167,0.019021592926000697,0.02358709873737075,0.003907228442981081
2026-06-01,2026-07-01,0.02614563816575089,0.023991594698719698,0.8396638398742695,50,23,0.03923072911093348,0.03899393491029479,0.02762273373228097,0.002202301520712213
