ticker,cik,bankruptcy_8k_dates
BBBY,0000886158,"['2023-09-29', '2023-09-20', '2023-06-22', '2023-04-24']"
BIG,0000768835,"['2025-10-30', '2024-09-10']"
CHRD,0001486159,"['2020-11-13', '2020-09-30']"
DO,0000949039,"['2021-04-14', '2020-04-28', '2020-04-27']"
EXE,0000895126,"['2021-01-19', '2020-06-29']"
FYBR,0000020520,"['2020-08-27', '2020-04-15']"
GPOR,0000874499,"['2021-04-29', '2020-11-16']"
HTZ,0001657853,"['2021-06-16', '2020-05-26']"
MDR,0000708819,"['2020-03-18', '2020-01-22']"
MNK,0001567892,"['2023-11-13', '2023-10-10', '2023-08-28', '2022-05-03', '2020-10-13']"
OAS,0001486159,"['2020-11-13', '2020-09-30']"
SPN,0000886835,"['2021-01-20', '2020-12-07']"
TUP,0001008654,['2024-09-18']
VAL,0000314808,"['2021-03-05', '2020-08-19']"
WFRD,0001603923,"['2019-09-13', '2019-07-02']"
WOLF,0000895419,"['2025-09-30', '2025-09-10', '2025-07-01']"
WW,0000105319,"['2025-06-18', '2025-06-12', '2025-06-02', '2025-05-07']"
