date,port_gross,port_net,bench_ew_net,bench_mdy
2019-03-01,1.0434386132515976,1.0408300167184688,1.0450860248197076,1.0477824992474514
2019-04-01,1.0335683717991493,1.029247278892532,1.0394595687121078,1.0479267002347876
2019-05-01,1.0663476642896585,1.0590574587858899,1.0554274146331832,1.062747257126984
2019-06-03,1.0010658665765761,0.992996233670576,0.9805151838147717,0.9957401626386863
2019-07-01,1.0525902626556487,1.0419269350396383,1.0525401825625718,1.0677643499509621
2019-08-01,1.0173726269312173,1.0055367397894566,1.0373051928565455,1.059109086244408
2019-09-03,0.9206713013532309,0.909252406768116,0.9831038800237221,1.0189268802857427
2019-10-01,0.9844176813608627,0.9699549482826708,1.0234226373808823,1.043144935410976
2019-11-01,1.0515819441815362,1.0355023928068443,1.0778359055133742,1.0902108358630263
2019-12-02,1.0743189528768742,1.056960381561511,1.083735202870551,1.0986587105107102
2020-01-02,1.1327309895342605,1.1113196199911328,1.1271361452696256,1.1385967761866493
2020-02-03,1.0783013390246599,1.0553209913453507,1.0940644732779674,1.1194853386650316
2020-03-02,0.9758954961527585,0.9542022179581252,1.0035366761479085,1.0363159171252896
2020-04-01,0.6353695166577519,0.6196466091080227,0.711494030675726,0.7515802525560128
2020-05-01,0.796383977388668,0.7746931488949007,0.8613212143336807,0.8809616843957111
2020-06-01,0.9049829316877139,0.8797286738184182,0.9758726138287546,0.9909904424787273
2020-07-01,0.8670463297137319,0.841761646023284,0.9646385561989161,0.9843228491871975
2020-08-03,0.9043981545829356,0.8753637811743809,1.0221814243234606,1.049205382462076
2020-09-01,0.9451944975232228,0.9141382477591606,1.0652588775450902,1.0811733394004568
2020-10-01,0.898746040519886,0.8676680752115814,1.027082356952864,1.051991665984049
2020-11-02,0.9459856846089876,0.9119094849587164,1.0647705729833485,1.081268872554567
2020-12-01,1.128128086788552,1.086412128998143,1.2374976416786587,1.227471549846176
2021-01-04,1.1568582975733979,1.1114987497799682,1.2760502609842066,1.270227443010068
2021-02-01,1.2404315977373153,1.1895294689370846,1.354614041766144,1.3364824892935778
2021-03-01,1.3647299720182042,1.307189185832597,1.4724284912698664,1.437064580612458
2021-04-01,1.4498600350461255,1.3849826856837177,1.5349192042219417,1.484838868414797
2021-05-03,1.5291728151090471,1.4576199598564126,1.5899525756559594,1.5379147455723792
2021-06-01,1.5581041155742943,1.4837284364372205,1.6032598842813275,1.5409010078247065
2021-07-01,1.5170698165783865,1.4413985961340858,1.5841790871711567,1.5247996657741565
2021-08-02,1.4863435200249955,1.4087278587385657,1.5557633434721807,1.5106376267241286
2021-09-01,1.53571638849256,1.4535104173212587,1.5982281141930605,1.55059912506051
2021-10-01,1.536233208718463,1.4496985902572546,1.563411861472702,1.5084313516178858
2021-11-01,1.5841894628474504,1.492692240136656,1.6422911538352745,1.6044947447752684
2021-12-01,1.4794811950559388,1.3927652691862487,1.532964991957117,1.4997573618108926
2022-01-03,1.634435666682787,1.5350934370128693,1.6573815324318923,1.6074705925118435
2022-02-01,1.5642188406053819,1.46612947497407,1.5618379903298385,1.5013980486001395
2022-03-01,1.527489464220392,1.4303727623536326,1.5310990430764069,1.474275945813275
2022-04-01,1.5780568270273425,1.474527161115619,1.5889919888384942,1.5323380728058773
2022-05-02,1.4379603354484796,1.340792506440556,1.4796736962063401,1.4234393898215338
2022-06-01,1.4831780373372754,1.381249804771004,1.47901782512113,1.4133223887454338
2022-07-01,1.3768299943758713,1.2796068509748315,1.3687767299824136,1.304404579102353
2022-08-01,1.5201694204777532,1.4102989755615425,1.4982476838372898,1.4273552477443063
2022-09-01,1.4561075202743512,1.3500206724189359,1.429794659553306,1.3722951049172338
2022-10-03,1.3394488762261485,1.2381735508205045,1.3376616680438131,1.2923801194104345
2022-11-01,1.4779488595204913,1.3635894127023982,1.4614475882923745,1.393451793109236
2022-12-01,1.5963006088043379,1.4715004421865385,1.554803478312835,1.4686923634161297
2023-01-03,1.5343537703801897,1.4117589109091375,1.4682787788047647,1.383387565588918
2023-02-01,1.7636879360913242,1.6192676034673261,1.6541202932040464,1.5427821297324213
2023-03-01,1.6820352902117255,1.542517608573348,1.6013876104832958,1.4937520916653635
2023-04-03,1.586842611413228,1.451015467885647,1.5431747463534273,1.4415922913356642
2023-05-01,1.5768307234482268,1.4381602850062192,1.5290710706387658,1.4302932427217059
2023-06-01,1.5229417537160703,1.3872773391908022,1.4971783411378863,1.3973402127885852
2023-07-03,1.6577001469592751,1.5067300746779477,1.628773735717158,1.5143123485514114
2023-08-01,1.7799572588723072,1.615412570743945,1.6938732410477606,1.5691258476063943
2023-09-01,1.733285698047181,1.5720458679117042,1.6635981495251486,1.54216126437028
2023-10-02,1.565429031440053,1.4165509358317367,1.5398871786410018,1.4274508810379913
2023-11-01,1.5257107947507251,1.378320493839801,1.4807582481043684,1.3780011580140406
2023-12-01,1.6970051840561704,1.5312123614773163,1.6466932332775213,1.5211549858192355
2024-01-02,1.8110336726288667,1.6300425544771475,1.7500588902725847,1.6080867513139823
2024-02-01,1.7552133466502156,1.5771581305479838,1.7383376843460534,1.6071647662512016
2024-03-01,1.7716015175183124,1.5903572592181388,1.8005964338239646,1.690345002864994
2024-04-01,1.8496691230009368,1.6568575644313093,1.8615803044426698,1.7597176945226265
2024-05-01,1.7809523090060058,1.5924651758156072,1.7674458987629862,1.666790472560656
2024-06-03,1.8055678624189793,1.6129973774780269,1.8317115758334335,1.7253117395025195
2024-07-01,1.7874360736951094,1.5929576703006012,1.7970977202119724,1.6936253750477426
2024-08-01,1.88042815866742,1.6723958870248934,1.888733714537229,1.769728848068439
2024-09-03,1.8767683216798874,1.667601976495923,1.8825346470703739,1.7607437246033533
2024-10-01,1.9436397754157462,1.7220448695631507,1.9363277741235716,1.811855564285502
2024-11-01,1.941437220066783,1.7167855222501123,1.9336919271062152,1.817628009920228
2024-12-02,2.0977809171737367,1.8535070350701373,2.0938433670104315,1.9685433557292165
2025-01-02,1.9437335291765674,1.7135626082221356,1.9384510190996587,1.8291052068372908
2025-02-03,1.9835162008344094,1.7451471620987884,1.9829753153621175,1.8799596878128746
2025-03-03,1.8851266553713861,1.65755680465337,1.8936224427906356,1.7796340539443887
2025-04-01,1.865356543307161,1.6367778870072234,1.8445722682608228,1.7305724719113509
2025-05-01,1.778504497391053,1.5574428189569793,1.7889407290728134,1.689564314741888
2025-06-02,1.8559112814275103,1.6242108501836736,1.872233142563835,1.7688704516354903
2025-07-01,2.0181549875701186,1.7630403546169253,1.9805464554185253,1.8569289876229498
2025-08-01,1.955475757543553,1.7051983643490143,1.944084220218061,1.8356621458989548
2025-09-02,2.077228526243307,1.8098993804498578,2.0475055819832413,1.9179462334601975
2025-10-01,2.016937517743079,1.7531928942385184,2.056564365692961,1.940808498885748
2025-11-03,1.928697168248874,1.6738175079329256,2.0199076718381477,1.9237036581587426
2025-12-01,1.9695692438647106,1.7075274882767644,2.0658488258182883,1.9545376345550436
2026-01-02,2.010388793405692,1.7387105459300312,2.098788530052549,1.9912576148635974
2026-02-02,2.0951164618878257,1.8094609978869098,2.1657683755935175,2.0609000825350376
2026-03-02,2.1103619276314007,1.8209469283328643,2.2104659204979935,2.144516627275096
2026-04-01,1.99809736821012,1.7192871098007765,2.084682656007752,2.0303853511023666
2026-05-01,2.1158685943623974,1.8178656231568322,2.2204519064397443,2.169360454601624
2026-06-01,2.1012683506306296,1.8036644989669643,2.2577653044729082,2.22052937384126
2026-07-01,2.1509941996841073,1.8424123707545288,2.345696219511784,2.281866465479586
