year,events,firms,abn_20d,t_20d,n_20d,abn_6m,t_6m,n_6m,abn_1y,t_1y,n_1y
2018,231,100,-0.004586232913920087,-0.4824295258016891,231,-0.010042790743267877,-0.447678344433597,231,-0.02652619724068319,-0.7077851293157539,231
2019,441,126,0.01258322697145378,1.8675459560923429,441,-0.04264716109729738,-1.5910598025118987,441,-0.08457669054744273,-2.0533568867830136,441
2020,688,186,-0.0039150749135844,-0.4378634749843055,688,0.03375311228935238,0.8042300062499952,688,0.27633309792204075,2.058954482361174,688
2021,291,121,0.010790969738614178,2.056009266223756,291,0.013375311025920185,0.5358144949333018,291,0.011079647164985702,0.37211307363546103,291
2022,412,146,0.0040686818081396075,0.7292226527965248,412,-0.007587011045259967,-0.36197178246478745,412,-0.011650888141560121,-0.3161192392827763,412
2023,410,131,0.0005231157907705413,0.08615904124366862,410,0.009657622436978108,0.42225009820174586,410,0.03469128787108371,0.649021814455895,410
2024,452,123,0.022691614901437042,1.2980682139268096,452,0.07904205146534611,0.9432380511856484,452,-0.01345432789906938,-0.43912736616045484,452
2025,418,150,-0.0011603495527130413,-0.24210198005223288,418,-0.029671341825151333,-1.102663261605224,418,-0.03325425038391267,-0.517282806630167,313
2026,112,66,-0.019028308409009168,-2.2222704751494233,112,0.009149937780712498,0.3386034088557193,112,,,0
