window_months,portfolio_size,cost_bps,avg_actual_holdings,avg_net_buying_holdings,avg_monthly_turnover_oneway,port_cum_return,port_ann_return,port_ann_vol,port_sharpe,port_sortino,port_max_dd,port_calmar,bench_ann_return,bench_sharpe,bench_max_dd,mdy_ann_return,mdy_sharpe,mdy_max_dd,break_even_cost_bps
1,10,0,9.8,9.1,0.8302508851324375,0.6987751719939328,0.07406251586198964,0.2934238113465135,0.3154510115957619,0.4301707852853522,-0.5224893961242548,0.1417493185725373,0.12494516532580002,0.5118981913001335,-0.36837818009419177,0.11765764857480865,0.50470497176656,-0.3399065689671277,0.0
1,10,10,9.8,9.1,0.8302508851324375,0.4652070239645998,0.05285461083661591,0.29286771283889745,0.24737724956845422,0.3336567837467576,-0.5247148358721476,0.1007301627916892,0.12369538453102136,0.5070481973809498,-0.3685307097601017,0.11765764857480865,0.50470497176656,-0.3399065689671277,0.0
1,10,25,9.8,9.1,0.8302508851324375,0.17310620544997213,0.021759898618431972,0.2920397145507039,0.1447768134483639,0.19203767650905584,-0.5280400398199449,0.04120880421464219,0.12182285404123205,0.4997655397658009,-0.3687594585075369,0.11765764857480865,0.50470497176656,-0.3399065689671277,0.0
1,10,50,9.8,9.1,0.8302508851324375,-0.1911873657673937,-0.028204236725740905,0.29067627135807855,-0.027523189854013808,-0.03548438016367473,-0.5456748355374591,-0.05168689279570921,0.118707669752119,0.487607594676911,-0.36914058443228137,0.11765764857480865,0.50470497176656,-0.3399065689671277,0.0
1,20,0,19.6,14.2,0.8138151246625588,0.9885834815674932,0.09711739352074189,0.27782118380550436,0.3767635542986402,0.5689851787627811,-0.44516694222524333,0.21815949098844567,0.12494516532580002,0.5118981913001335,-0.36837818009419177,0.11765764857480865,0.50470497176656,-0.3399065689671277,0.0
1,20,10,19.6,14.2,0.8138151246625588,0.7202030916912732,0.0758793162033442,0.27730822154229395,0.30637773416412795,0.4562269112162935,-0.44774440776960445,0.16947015950758534,0.12369538453102136,0.5070481973809498,-0.3685307097601017,0.11765764857480865,0.50470497176656,-0.3399065689671277,0.0
1,20,25,19.6,14.2,0.8138151246625588,0.383361749421554,0.04472641305802072,0.27654450710184325,0.20030636373868177,0.2920047870581876,-0.45349669255715397,0.09862566539530797,0.12182285404123205,0.4997655397658009,-0.3687594585075369,0.11765764857480865,0.50470497176656,-0.3399065689671277,0.0
1,20,50,19.6,14.2,0.8138151246625588,-0.03912840992662514,-0.0053672747822501865,0.2752870678707201,0.02221447042711058,0.03124622108851234,-0.4810509714676684,-0.011157393084302135,0.118707669752119,0.487607594676911,-0.36914058443228137,0.11765764857480865,0.50470497176656,-0.3399065689671277,0.0
1,50,0,48.9,17.0,0.7734667051233023,0.861706911773598,0.08740803147922427,0.24816370584184602,0.35485338472478944,0.5186872387743042,-0.436299738528673,0.20033940834800648,0.12494516532580002,0.5118981913001335,-0.36837818009419177,0.11765764857480865,0.50470497176656,-0.3399065689671277,0.0
1,50,10,48.9,17.0,0.7734667051233023,0.6220778142084491,0.0673928075190211,0.24780525749260723,0.2799615108669002,0.4035185302822823,-0.438824387709426,0.15357580254551906,0.12369538453102136,0.5070481973809498,-0.3685307097601017,0.11765764857480865,0.50470497176656,-0.3399065689671277,0.0
1,50,25,48.9,17.0,0.7734667051233023,0.3186655113016239,0.03800137791647651,0.24727211696788437,0.16721559815081485,0.23593978990124967,-0.4425972137848877,0.08585995738993975,0.12182285404123205,0.4997655397658009,-0.3687594585075369,0.11765764857480865,0.50470497176656,-0.3399065689671277,0.0
1,50,50,48.9,17.0,0.7734667051233023,-0.06725384030379045,-0.009343337987239075,0.24639572170117652,-0.021771943937633088,-0.029633572582081255,-0.4599371960634,-0.020314377848125037,0.118707669752119,0.487607594676911,-0.36914058443228137,0.11765764857480865,0.50470497176656,-0.3399065689671277,0.0
3,10,0,10.0,10.0,0.3865881573083936,0.88069663021266,0.08889698990989592,0.3324089339623405,0.351457060882363,0.5196653696371155,-0.556449256879078,0.15975758581921176,0.12494516532580002,0.5118981913001335,-0.36837818009419177,0.11765764857480865,0.50470497176656,-0.3399065689671277,0.0
3,10,10,10.0,10.0,0.3865881573083936,0.7555757953638838,0.07883604835752411,0.3322305935108417,0.32359131320919954,0.47601379918285136,-0.5611776314019092,0.14048323373221305,0.12369538453102136,0.5070481973809498,-0.3685307097601017,0.11765764857480865,0.50470497176656,-0.3399065689671277,0.0
3,10,25,10.0,10.0,0.3865881573083936,0.5831334829089232,0.06390105749343089,0.33197232846044084,0.28172883757496947,0.41124311880107994,-0.5681850369307604,0.11246522407315337,0.12182285404123205,0.4997655397658009,-0.3687594585075369,0.11765764857480865,0.50470497176656,-0.3399065689671277,0.0
3,10,50,10.0,10.0,0.3865881573083936,0.33210394019667766,0.03942140400470273,0.331566605041758,0.21179760495960392,0.3051845585527157,-0.5796402127173215,0.06801012617792226,0.118707669752119,0.487607594676911,-0.36914058443228137,0.11765764857480865,0.50470497176656,-0.3399065689671277,0.0
3,20,0,20.0,19.6,0.36290340148047595,1.6352688907383062,0.13956851248278968,0.3052816193000928,0.4924444945278422,0.7789137099146786,-0.462553838485263,0.3017346325345354,0.12494516532580002,0.5118981913001335,-0.36837818009419177,0.11765764857480865,0.50470497176656,-0.3399065689671277,16.983848957806913
3,20,10,20.0,19.6,0.36290340148047595,1.4703504817736341,0.12968200840812805,0.3050983596218927,0.46395113054641995,0.7292582322132893,-0.46391446321755025,0.2795386190564064,0.12369538453102136,0.5070481973809498,-0.3685307097601017,0.11765764857480865,0.50470497176656,-0.3399065689671277,16.983848957806913
3,20,25,20.0,19.6,0.36290340148047595,1.2418819056355423,0.11499681483737323,0.30483184508223427,0.4211347294444847,0.6557559785958735,-0.46595154312103904,0.24679994418969184,0.12182285404123205,0.4997655397658009,-0.3687594585075369,0.11765764857480865,0.50470497176656,-0.3399065689671277,16.983848957806913
3,20,50,20.0,19.6,0.36290340148047595,0.9065394099406334,0.09090252960607992,0.3044100520188878,0.3495801755186363,0.5358588416056052,-0.47836536872537516,0.1900274048857123,0.118707669752119,0.487607594676911,-0.36914058443228137,0.11765764857480865,0.50470497176656,-0.3399065689671277,16.983848957806913
3,50,0,50.0,34.3,0.3476372630124495,1.1509941996841073,0.10879238472815356,0.26201448951474937,0.422375746450933,0.6331245157722939,-0.43908172149594527,0.24777252024406626,0.12494516532580002,0.5118981913001335,-0.36837818009419177,0.11765764857480865,0.50470497176656,-0.3399065689671277,0.0
3,50,10,50.0,34.3,0.3476372630124495,1.0218760477306756,0.09957619604714463,0.2618779984342147,0.39055471669441383,0.5815633714810148,-0.44041959177248446,0.22609392930590724,0.12369538453102136,0.5070481973809498,-0.3685307097601017,0.11765764857480865,0.50470497176656,-0.3399065689671277,0.0
3,50,25,50.0,34.3,0.3476372630124495,0.8424123707545288,0.08588165310991358,0.2616800149351027,0.34275169208667955,0.5053342922014534,-0.4424226856419876,0.19411674829759923,0.12182285404123205,0.4997655397658009,-0.3687594585075369,0.11765764857480865,0.50470497176656,-0.3399065689671277,0.0
3,50,50,50.0,34.3,0.3476372630124495,0.5776066467371608,0.06339951431059543,0.2613680957661705,0.2628997435610748,0.3812342402715555,-0.4457512886069702,0.14223069216182643,0.118707669752119,0.487607594676911,-0.36914058443228137,0.11765764857480865,0.50470497176656,-0.3399065689671277,0.0
6,10,0,10.0,10.0,0.24548099746849372,0.35861239689546953,0.04218656553155631,0.31542276748767023,0.21968599604343156,0.30450393536401404,-0.5676268281141437,0.07432095074102636,0.12494516532580002,0.5118981913001335,-0.36837818009419177,0.11765764857480865,0.50470497176656,-0.3399065689671277,0.0
6,10,10,10.0,10.0,0.24548099746849372,0.30050758930914645,0.0360626263162771,0.3153068890587537,0.20101647800412376,0.27773469449683214,-0.5682122645090397,0.06346682141300979,0.12369538453102136,0.5070481973809498,-0.3685307097601017,0.11765764857480865,0.50470497176656,-0.3399065689671277,0.0
6,10,25,10.0,10.0,0.24548099746849372,0.2179140862570892,0.026937039981942856,0.31513794662576716,0.17298367085970567,0.23785313951474066,-0.5690894775648351,0.04733357590305117,0.12182285404123205,0.4997655397658009,-0.3687594585075369,0.11765764857480865,0.50470497176656,-0.3399065689671277,0.0
6,10,50,10.0,10.0,0.24548099746849372,0.09160003590893417,0.011887341174986021,0.3148693995152687,0.12618994151990184,0.17211595485352504,-0.5705489902412436,0.02083491755889311,0.118707669752119,0.487607594676911,-0.36914058443228137,0.11765764857480865,0.50470497176656,-0.3399065689671277,0.0
6,20,0,20.0,19.8,0.24666565554354236,0.6205910070855118,0.06726083888358092,0.308478359236723,0.28385350963134426,0.416522760610876,-0.5084906028531158,0.13227548062084857,0.12494516532580002,0.5118981913001335,-0.36837818009419177,0.11765764857480865,0.50470497176656,-0.3399065689671277,0.0
6,20,10,20.0,19.8,0.24666565554354236,0.5509555680024951,0.06095946020654064,0.3082968768911321,0.2646931525426339,0.38693426564421185,-0.5092664476224628,0.11970052315665619,0.12369538453102136,0.5070481973809498,-0.3685307097601017,0.11765764857480865,0.50470497176656,-0.3399065689671277,0.0
6,20,25,20.0,19.8,0.24666565554354236,0.45200050016552407,0.05157006758530036,0.30802867792749417,0.23590689088746436,0.3428900713644282,-0.513476989466696,0.100433064466748,0.12182285404123205,0.4997655397658009,-0.3687594585075369,0.11765764857480865,0.50470497176656,-0.3399065689671277,0.0
6,20,50,20.0,19.8,0.24666565554354236,0.30073356962255615,0.03608689813503263,0.30759244285259485,0.18781080769871278,0.2703886915584308,-0.5215452443772521,0.06919226763944894,0.118707669752119,0.487607594676911,-0.36914058443228137,0.11765764857480865,0.50470497176656,-0.3399065689671277,0.0
6,50,0,50.0,40.2,0.23220848119272441,1.16430517097031,0.10971506726342617,0.2644520867229382,0.42224324098936566,0.6487164360762736,-0.4268279471588047,0.2570475246378509,0.12494516532580002,0.5118981913001335,-0.36837818009419177,0.11765764857480865,0.50470497176656,-0.3399065689671277,0.0
6,50,10,50.0,40.2,0.23220848119272441,1.0766477926409261,0.10354613976368543,0.26435213124321466,0.4011846241774372,0.6135065261504614,-0.4275726029488224,0.24217206399465968,0.12369538453102136,0.5070481973809498,-0.3685307097601017,0.11765764857480865,0.50470497176656,-0.3399065689671277,0.0
6,50,25,50.0,40.2,0.23220848119272441,0.9516904274877269,0.0943507254835958,0.2642056300856667,0.369561955497326,0.5612248352408541,-0.4286885137494386,0.22009156405515976,0.12182285404123205,0.4997655397658009,-0.3687594585075369,0.11765764857480865,0.50470497176656,-0.3399065689671277,0.0
6,50,50,50.0,40.2,0.23220848119272441,0.7597129061063679,0.07917848635577451,0.2639706304674059,0.31676829867753975,0.47550030465855164,-0.43637644875175174,0.1814453703499888,0.118707669752119,0.487607594676911,-0.36914058443228137,0.11765764857480865,0.50470497176656,-0.3399065689671277,0.0
