signal,window_months,portfolio_size,cost_bps,avg_actual_holdings,avg_monthly_turnover_oneway,ann_return,sharpe,max_dd
net_dollar_value,3,20,0,20.0,0.3575379038234814,0.3046701246289145,0.7939265803964795,-0.44170230059327054
net_dollar_value,3,20,10,20.0,0.3575379038234814,0.2935180325766613,0.7718221489127008,-0.44305719169805013
net_dollar_value,3,20,25,20.0,0.3575379038234814,0.2769508334205826,0.7385629492502593,-0.4450856286014616
net_dollar_value,3,20,50,20.0,0.3575379038234814,0.2497630944548035,0.6828605834384935,-0.44845597005067295
net_dollar_value,3,50,0,50.0,0.3481816258533243,0.240852215515152,0.8147303512501073,-0.42914172575647713
net_dollar_value,3,50,10,50.0,0.3481816258533243,0.23052230156854514,0.7849261812219648,-0.4303108479045079
net_dollar_value,3,50,25,50.0,0.3481816258533243,0.21517320305254484,0.7401334092647491,-0.43206168707336545
net_dollar_value,3,50,50,50.0,0.3481816258533243,0.18997573119195477,0.6652559186498788,-0.43497217585839154
buyer_count,3,20,0,20.0,0.36747708273686946,0.19985645594393597,0.6976504421472367,-0.4129889220675206
buyer_count,3,20,10,20.0,0.36747708273686946,0.18931655528948932,0.6659364514649441,-0.41428019082936585
buyer_count,3,20,25,20.0,0.36747708273686946,0.1736639113784335,0.618287831054842,-0.41621371024322484
buyer_count,3,20,50,20.0,0.36747708273686946,0.1479904010902473,0.5386748144947906,-0.4194272293936582
buyer_count,3,50,0,48.0,0.2938909352692234,0.22094406274212974,0.746292758899434,-0.42877802776897833
buyer_count,3,50,10,48.0,0.2938909352692234,0.2123595667276319,0.7216646601997644,-0.4297990708538466
buyer_count,3,50,25,48.0,0.2938909352692234,0.19958467601940355,0.6846625287361022,-0.4313286317001829
buyer_count,3,50,50,48.0,0.2938909352692234,0.17856224591993763,0.6228383100299265,-0.43387256035667343
value_per_buyer,3,20,0,16.8,0.36464008977563755,0.18073677715032477,0.6409985690165758,-0.42378810010624834
value_per_buyer,3,20,10,16.8,0.36464008977563755,0.17044425171123057,0.6096193311804671,-0.4248656213459463
value_per_buyer,3,20,25,16.8,0.36464008977563755,0.15515656544060086,0.5624299585926862,-0.42647952798944966
value_per_buyer,3,20,50,16.8,0.36464008977563755,0.13007534556691747,0.4834736287108421,-0.4291630444066439
value_per_buyer,3,50,0,19.9,0.34826649577874175,0.18174859768757878,0.6439343295816797,-0.42378810010624834
value_per_buyer,3,50,10,19.9,0.34826649577874175,0.17190813577166741,0.6139463669110039,-0.4248656213459463
value_per_buyer,3,50,25,19.9,0.34826649577874175,0.15728564589331406,0.5688558188235865,-0.42647952798944955
value_per_buyer,3,50,50,19.9,0.34826649577874175,0.1332792695398215,0.4934266568863138,-0.42916304440664377
