ann_return,sharpe,max_drawdown
0.07946237469786666,0.32730829688054286,-0.39550813068794977
0.07547277431105437,0.3088566911978493,-0.36466352937698854
0.08200037595044818,0.3379360203846905,-0.36174631641558697
0.07314282442719322,0.2982664547580965,-0.39267017995971365
0.07611608795999891,0.3147116589729377,-0.3619446438872018
0.05701339549686968,0.23383907211254243,-0.37931812514000973
0.06837234026356565,0.28045773449806927,-0.3536589404397922
0.045981552274164006,0.19587079737154442,-0.4338266203300183
0.06181956075750117,0.2546837783620141,-0.3741686217401421
0.06168010664595913,0.25544614416861716,-0.38756202686830155
0.06400521075861065,0.26333120568089946,-0.36911094496484675
0.05474021289763109,0.2263014085647489,-0.38215825281108295
0.08119378893348994,0.331736850834697,-0.39720344141405417
0.040040968018056455,0.1642950578963614,-0.40243604419970214
0.05507535566806454,0.2260522629739192,-0.36897430653089347
0.08731472888091973,0.36178747146122314,-0.36221421169474466
0.04356125868088023,0.18061256057220051,-0.39976177917982814
0.0664422411337171,0.2764497269944177,-0.423114541762436
0.06407091949798271,0.2643782236588046,-0.3538719995623214
0.07272417015855126,0.29811168260768056,-0.354807543160092
0.05733390331335886,0.23708469179726513,-0.3797518534908031
0.07744751044774723,0.32398979585247323,-0.3741860702585186
0.06524824909662374,0.27187076418550365,-0.3423195622888715
0.07116258805588171,0.29164694824373616,-0.36792791789159107
0.06778212879561418,0.2796132317603729,-0.3842969456012182
0.08454165559536708,0.3486546868694393,-0.3508178243254477
0.06723568509740674,0.2779001905414185,-0.3821017006648828
0.04961533548637087,0.20391211904622272,-0.36975058506280856
0.05596052960519371,0.23252602072490441,-0.396684982198099
0.05828279368787426,0.24369973151103405,-0.3912422919857125
0.06126296315981383,0.2547145394539562,-0.38252067127129696
0.062176843212349286,0.25670715394772736,-0.389594825576021
0.0500526359039104,0.20543118935815688,-0.35918411261141947
0.06748029093859498,0.27886935978654875,-0.3952665467775811
0.048776233518728285,0.20115545665916243,-0.3846682019350842
0.0576611693600364,0.2361823143621122,-0.35923897638262337
0.04946220035821369,0.20303431434632394,-0.35132208686532973
0.07136058649672883,0.290948898263995,-0.34987402092883013
0.07648251410106965,0.31757987392863857,-0.3815537512203663
0.03411368572814877,0.13739103289029464,-0.3691418627300913
0.03741333145320991,0.15449957695598937,-0.39956138960338217
0.05600922987061674,0.23234154772681823,-0.36920002334610746
0.050409082863982047,0.21083880935278773,-0.4052637318200538
0.046552682701054504,0.19121725355471905,-0.37635263088124016
0.06740116605744695,0.2756416761059705,-0.3624620109957205
0.05787760420998689,0.23807969311586558,-0.3662147140350366
0.06088450884666674,0.2548762289922114,-0.3877136851995484
0.07827830622201049,0.31843954293976334,-0.4145243849737983
0.10755319568769006,0.44863846096922694,-0.3541465095319075
0.03964826018255163,0.1685788101481879,-0.4021720389150233
0.09092243444824,0.36792062066392156,-0.37622804551669853
0.05640012862595101,0.2315962665675997,-0.3849307441066535
0.08013591363884265,0.3322625259514883,-0.41147529457847587
0.06537540055565794,0.2689816300117579,-0.3436062977007597
0.08484657184304023,0.3454962864567198,-0.35814827966977436
0.07308354694688668,0.29956655138529276,-0.3872541188781653
0.08765366390217988,0.3646185155325736,-0.3909550398263133
0.04427538348937543,0.18066330739926587,-0.37348845469488046
0.07658747210127537,0.3186060051009317,-0.3925692979413151
0.07062828098609786,0.29295540557010075,-0.4003015933412306
0.06765264989492792,0.2833269442165073,-0.3882773951318286
0.06614699646208666,0.27034511598139677,-0.37182888650590706
0.05430058719502795,0.22307062210971013,-0.3601281271001261
0.06837291827596115,0.28374664291704593,-0.3585727851584397
0.08789778468411202,0.3671101625080355,-0.3422613208990086
0.058126981247856424,0.24009180955301607,-0.35234495164073376
0.0352734386181488,0.1425354513645916,-0.38942368541296724
0.054377595176876126,0.22693451854210653,-0.3854960229502967
0.06410113873107126,0.2668178687349716,-0.36463643277783375
0.05085067225911977,0.2119010155017167,-0.41589529623337973
0.07216616888369232,0.3005908904159245,-0.3755314898584766
0.05375592656759731,0.2230414531745496,-0.39039023634801173
0.04373700100567035,0.1811709385962035,-0.3798087295475481
0.05991438460707621,0.24637514598001506,-0.3665158595274155
0.08815178760052467,0.3578109283315312,-0.37816289670846037
0.0699692858430001,0.2918417151288018,-0.3897211976149385
0.044477709066560456,0.18297910009325852,-0.37921674495663116
0.050497437828362024,0.20704050167282478,-0.3413886080395496
0.08942060922291861,0.35889229499741687,-0.40757725301592684
0.09627078472780326,0.39817642770653605,-0.34562642927799037
0.0602899011927156,0.24836870948852088,-0.36249455129205743
0.05638654857192926,0.22955636744768484,-0.4046012844598723
0.05993118326463187,0.2470505064665835,-0.3728208420460275
0.05703179141506953,0.23621474808840287,-0.387565089625621
0.049567731569787554,0.20438588498417773,-0.38511229105670264
0.059017579044731594,0.24646767949909204,-0.4144859559086772
0.10633387169845365,0.43518798986354945,-0.3818416892606452
0.04418384605128289,0.1803663917445945,-0.36252174988906594
0.08181625426097217,0.3352324421245535,-0.4044517195216323
0.07310259755604154,0.2984580300777471,-0.3660100578585693
0.0840882926953257,0.33844613863436307,-0.36988253854359066
0.06411701895990385,0.2647791745450643,-0.36681586455461235
0.05816691520981254,0.23921597127533537,-0.37060386204686757
0.05246463613010244,0.218486878026974,-0.40182024100354174
0.060110202306530525,0.2506243395643009,-0.4153834465573749
0.050456884497617205,0.20752488748580114,-0.3676033989641402
0.09489650115431902,0.3968084301577488,-0.3523315813621848
0.08221503567613797,0.33762568384170083,-0.3918090229422846
0.07101202406264617,0.29451087061979925,-0.3853136401012459
0.07557757750187966,0.3174884956379236,-0.3919484660856105
0.08972882009250083,0.36950384506335227,-0.3550005920016911
0.06218234830179625,0.2581489617984013,-0.36930805562271196
0.03064877373215036,0.12946637779546452,-0.41123024974907885
0.07245744279073496,0.3013050496434288,-0.3564190220344715
0.056924360586852796,0.23473540564535017,-0.3588826808286866
0.06821112042067368,0.28299484233345684,-0.3886806204353379
0.049615695622827305,0.20597864175074315,-0.3980046672832651
0.077951189120824,0.3236600158958181,-0.3769005048750639
0.06422043170556924,0.2677869021437152,-0.40937900381485703
0.08798106136356032,0.3606245468594616,-0.3884508447565179
0.08102811172474467,0.3404095840718332,-0.34286412733131766
0.08337281916922379,0.34312580965535217,-0.37983306298081254
0.06042451663456072,0.2512922744999024,-0.40277592849388577
0.07629894811978644,0.31892037189007577,-0.387351696418488
0.04384372386884716,0.18273180886708215,-0.3911645515983806
0.05948319678928371,0.24744467910926302,-0.3988413642848393
0.054384375761895365,0.22278167392016537,-0.36127875650183583
0.049890785727942255,0.20658731382388235,-0.3806540778483486
0.06702314312328816,0.27341222497646744,-0.33989050171410573
0.08083124136551367,0.332901221007222,-0.39497181953125093
0.0693844308885152,0.28756161422461063,-0.3565342472446309
0.09190564386400735,0.383092633469854,-0.34318419553696866
0.050817052834993826,0.20876621138067633,-0.34918186404405505
0.06834400990523637,0.28262563970004856,-0.3887949608038913
0.04469766213872317,0.18671436095235208,-0.40923937230638696
0.08082155444478545,0.3364535993118553,-0.3553410120781302
0.07592071199963568,0.314800294190512,-0.37548991289493727
0.05229734150594134,0.21683276415249075,-0.38524561772257493
0.07499254088972584,0.3135270627203728,-0.384055234511684
0.053765591681727676,0.2246429344660625,-0.3936730914900385
0.056705615952384214,0.237260168937266,-0.40009837951410787
0.07008492248232945,0.29122163211940466,-0.3839277325671918
0.04595315678902301,0.18985324458043254,-0.3875844355708238
0.06920284015129874,0.2873859453005549,-0.38465496184666714
0.07156342016557238,0.30018859470673465,-0.3662312329485161
0.046375799255079286,0.19074477792739136,-0.37059805997405737
0.057894636506182984,0.24004511092339942,-0.41009132952047345
0.042981571632093374,0.18028721300659376,-0.39689424362930503
0.09982745400780635,0.40768293339034695,-0.3615544296008294
0.061915333923610705,0.2541694303511323,-0.35695848765931404
0.08443353353939398,0.3478762074451952,-0.3375340481114385
0.07201274449514194,0.2978558168373992,-0.3517461115019389
0.06232008831386393,0.2575623229577715,-0.34790394691218585
0.0653201530772447,0.2697221129871737,-0.3965425242675814
0.08803079483070886,0.3625308900969286,-0.38528371259818217
0.06389419729277623,0.2642525234535226,-0.40702397382987066
0.07926142272281544,0.32283858280030103,-0.3762489887012389
0.058589546841610884,0.24330417129450055,-0.392208916076066
0.09451690931245249,0.39221644142793805,-0.34701479805208624
0.09600229488216727,0.387129046516931,-0.3597358230937816
0.0795761181341903,0.3257483079515637,-0.345696924783924
0.0681890591871237,0.28160619939345083,-0.41534606362578586
0.07954907778885167,0.3253355487664437,-0.3817912812474169
0.04197050767952604,0.17672706599348192,-0.4099699905504781
0.08112939311621536,0.334474352091204,-0.3706101769742661
0.07650214286077461,0.31324688164393016,-0.38602142544087925
0.08195326449143381,0.33328580743190334,-0.38710556953576536
0.0879072873647091,0.3591983946360813,-0.3521582828229003
0.049011226427198684,0.20390622379262366,-0.3957353844117669
0.04861036471334712,0.20387890904445227,-0.40407613672752196
0.08262181650842138,0.33801604613024233,-0.3524947970406488
0.07186937824319006,0.2951898678193629,-0.3690882124515632
0.0718902896374245,0.2981320181079515,-0.4089923968341186
0.07793506159183328,0.321027180271666,-0.3408932690116424
0.04665859636585479,0.19351898224152408,-0.40032855195732997
0.06686127394651575,0.2779835905166913,-0.39060595113035756
0.08930331743792141,0.36283101046157196,-0.4023789764439428
0.07499834539268502,0.3093997231310608,-0.3624781435889257
0.08156658465407984,0.3384323045918311,-0.30536317925845413
0.05509581476796077,0.22739454433271178,-0.3791479328718913
0.07984516187770385,0.3327507374718346,-0.37260949569147106
0.06737236689841186,0.2764238596670056,-0.3885472261355817
0.049751799878342995,0.20667767498571246,-0.3880224940224595
0.06539301846774359,0.27066276355641405,-0.37961350998718113
0.06594296705729841,0.2701617279655259,-0.37858791481137144
0.04586066220226592,0.18634098656558826,-0.3511867520603418
0.05182790087289635,0.21395444213356793,-0.3708435830714578
0.05499170581908519,0.227826417952462,-0.37657701343086925
0.06059547186852554,0.2490084348239442,-0.3558989270865487
0.06284119655558507,0.259025378800353,-0.3972405571092922
0.07569354637912995,0.3136884977967228,-0.3768905374584943
0.11623874235471177,0.46215616850176255,-0.35634378720857496
0.06558832712326379,0.2700301345366175,-0.35796087017409894
0.06907200684117165,0.28327264768221827,-0.4148283938240461
0.041390924965229114,0.16836750742034745,-0.3612331486664221
0.03707207366406551,0.15332967734190156,-0.4057741535208368
0.0602238119155587,0.2490178421610012,-0.3787096989648654
0.09139423201899088,0.38800572888420043,-0.3350676040782916
0.0804138154813614,0.33390082493071005,-0.37652839271251914
0.03774052959197394,0.15510484393027885,-0.3833152909982084
0.03230586059615059,0.1288746624584971,-0.38169364442717324
0.05810069744952395,0.24470584109341487,-0.42806749566593305
0.0855835384591288,0.3549278639500414,-0.3747498863912786
0.07799992123070454,0.3226163035019174,-0.3654188409104655
0.08057834563954835,0.3302112425092812,-0.3908649753029534
0.06983032283715618,0.2855526578414236,-0.36777571322021896
0.05840814911183245,0.24132816077332342,-0.393949587093126
0.06141443224651244,0.254747957817346,-0.4186698810685764
0.05200869708896749,0.2155373433790889,-0.36330282608937436
0.0665494867911316,0.2769930853867305,-0.3898085113840951
0.04487066350519564,0.1854861429964928,-0.3636036859042536
0.06083743985902568,0.2521499829304653,-0.3508034848885687
0.11496969071145346,0.4687092313616122,-0.35529364495998084
0.06897260576823805,0.28575542503239887,-0.3638792903829393
0.06997550924578433,0.28415952375064013,-0.37800756843735195
0.0760077407350197,0.3141134827862609,-0.3686746307068709
0.09566817539266448,0.39902965646848015,-0.3582915062780676
0.09381460123433394,0.3922020957301487,-0.3815247871736671
0.056226579992745274,0.23120341955367152,-0.3438899304981281
0.05506189907609982,0.22952110163212097,-0.39788096002559425
0.09875321194929798,0.3974848217375621,-0.4037807872243666
0.09326135281115833,0.3869177491083911,-0.37692210563770523
0.05454823038191803,0.22878930470689768,-0.4149333345977603
0.019057202782682525,0.07792596281965207,-0.3757528407329147
0.08684414018258235,0.36032253714674195,-0.3515834348535032
0.0726118119023631,0.2988482855865781,-0.38221928002013317
0.07639339774873122,0.3181983584445779,-0.395084062286556
0.04043868027185793,0.1639073236674897,-0.41081726235877125
0.0676134814672269,0.27983034946404073,-0.4093288303933469
0.08046679463967554,0.3284825416102779,-0.3704712923389203
0.077916094988155,0.3161857016659652,-0.37380307052314143
0.06625341679521157,0.27157832559435074,-0.360432082655766
0.07198472456904903,0.2962330222104821,-0.38139349842416537
0.08134562197389816,0.33195890331259426,-0.41407009288871
0.05916310370817213,0.24133901497196777,-0.3260832728705695
0.060014878335211685,0.24983873375883794,-0.3896276434296564
0.07451496799729984,0.30561612536577976,-0.39496381426859906
0.05626457565243359,0.2336217468240927,-0.3925096509911745
0.08354976670389203,0.3402229730906767,-0.36051167793879724
0.04274559852180615,0.17727068536432214,-0.3835634132792297
0.0461598444639304,0.18987230383318687,-0.38654550032572543
0.06615540554642418,0.2701725223195534,-0.4011060887566439
0.08043189030220921,0.3319610380891773,-0.3690790134099823
0.05182735884601475,0.21325918672390956,-0.3504583336569539
0.08410802411357476,0.34837188132677804,-0.3480137772185209
0.05561192753378141,0.23230587684009663,-0.40123408114587256
0.041136776363061234,0.17273953235856976,-0.4073937021405658
0.0920619314538711,0.37893484906520547,-0.3943495261909856
0.041425538365087666,0.17141395946567795,-0.3749273217176331
0.08107891224445796,0.33224045224730275,-0.37473531003632743
0.07270930392387909,0.2973359534524214,-0.39941741254711105
0.05148473942369858,0.21366215937361702,-0.3975253510822311
0.03917283709494623,0.16241906374174836,-0.3899007830552992
0.03642730806009764,0.1467538057350052,-0.3782471712538925
0.05832319639099626,0.24184895078228613,-0.39074831103509733
0.0662714490741314,0.2752241125676365,-0.36149458815127755
0.054684857298400225,0.22640960969115873,-0.3608702930353661
0.060627387235392405,0.2487273681127182,-0.3907818362038503
0.058576754720822244,0.24066926627897023,-0.3720451585901544
0.07665319754589262,0.3205137667238474,-0.38857303378895414
0.051022299855370656,0.2103972075916438,-0.404399831906614
0.06211609715417765,0.25684866692055885,-0.3575065545276548
0.06655197549842162,0.2765396306065285,-0.349151281880165
0.05893693505841613,0.24469073859535473,-0.38544039284425
0.049266141197847446,0.20158536306982097,-0.3595146055881947
0.07145737854888545,0.2937295075808125,-0.3849393799327331
0.07626186874592689,0.3176116103789878,-0.3750905478582406
0.05743571595464725,0.2389669664559837,-0.3907156646269536
0.03304247577147157,0.1347549915710175,-0.3691510116402493
0.07637716013510931,0.3189389362125779,-0.3414628581388681
0.05857384518002395,0.24080464685292816,-0.33643804852139114
0.07657962403330698,0.30960260388461125,-0.34986701581320767
0.050128578230981935,0.20703482075336027,-0.39783471436058404
0.07285789809705445,0.3019666957311811,-0.35687395082476225
0.07996747871972731,0.32705893216629967,-0.4013556979264987
0.057351314007681564,0.2399659715378358,-0.40650429950217204
0.07663781941387571,0.3110239474871821,-0.381595269356651
0.06123048194889624,0.2526867893954549,-0.40587457225546797
0.06649565207024866,0.2750477242629618,-0.4018535274848585
0.06740579341746455,0.28068514170734504,-0.38098238205453927
0.057018355789774544,0.23667149732430212,-0.40642155522071155
0.09502078257515634,0.39158426823987935,-0.37410893146255486
0.07401353818610934,0.30458365917279123,-0.3715197824881935
0.07899145393852014,0.32948622604761957,-0.3761209421219682
0.0859677692768086,0.35275026598942444,-0.4087675473907436
0.06014239553520828,0.2503750405668335,-0.4185564974063275
0.08326409868327134,0.34250372769019616,-0.38922670936242887
0.1046010298081943,0.42189739910497615,-0.3793830768352884
0.0807482690589536,0.3293772406438435,-0.3981744390151002
0.06438417935873786,0.26301257496771846,-0.3876105639722306
0.085130166844404,0.34637220292816123,-0.375022601220662
0.08899131162176332,0.3654135474934993,-0.39988394746961986
0.0623686265675496,0.25693540628165557,-0.39492742644683465
0.06533965773351502,0.270377491744478,-0.3589058036168128
0.053383403987758316,0.22255193898875547,-0.39438476138952683
0.054094415832579124,0.22461035784190694,-0.4262185349971921
0.06703159030975003,0.274519118805924,-0.34192463290938846
0.09456607721591404,0.3873394121546461,-0.34852925966752135
0.08283342476960809,0.3423146858871009,-0.3860184274694002
0.06544097430889217,0.26928724429790135,-0.39144126010018754
0.04404928686720422,0.17978737931910907,-0.3614047022086223
0.0728655704673038,0.29773293492531616,-0.3736355122762277
0.08559953604180759,0.34577823216896647,-0.3638891649905516
0.06005790302630709,0.25089086763461005,-0.40344500574966013
0.08416579800718949,0.3482298143375203,-0.38375697709860956
0.0663679896741678,0.2732029457765056,-0.319661214696607
0.05232775809824863,0.2202159391713083,-0.4282405118488335
0.0740720565456856,0.3040418018312766,-0.38249435918931685
0.024703801614623933,0.09873881870705586,-0.42850467031641315
0.07587244367191626,0.30860582037953305,-0.4079065918978043
0.06429610098555405,0.26519363607472374,-0.35330584094524475
0.09407013491438754,0.3831933760393671,-0.3879215887269025
0.0645489420245704,0.2670276949072203,-0.40718745555684466
0.08888359968410242,0.36355208768799974,-0.37595983841654645
0.08246342899886328,0.34058909677395244,-0.35265266315788335
0.07170894439650244,0.2962101939467709,-0.40152999832262415
0.0727511306331845,0.2973692762385277,-0.4185135252905592
0.05359021676849918,0.22600185564681982,-0.44337269636669796
0.060539995159762716,0.2515834804873563,-0.38307802117452494
0.08685146623976259,0.35766566598003013,-0.39494427746367144
0.07135067086243763,0.2897227479900034,-0.36107868433066836
0.058443970507626064,0.24039501898651022,-0.38069387859225867
0.07320012515047591,0.3039807496704651,-0.3621301504598906
0.04589332395267354,0.19162748361413853,-0.404605042448982
0.047767576806549084,0.1976994311118538,-0.3729323006263223
0.0715290421641901,0.2960751983522962,-0.36930143853079545
0.07854882390777851,0.3246129000073526,-0.3701828856119831
0.08894239622148659,0.3632646212347972,-0.3627271776142693
0.058113965002164036,0.24431561197899615,-0.400740730296839
0.03204739252521338,0.1316131778979539,-0.3829130845338906
0.05975152683264939,0.2505960325604041,-0.4281560796683249
0.07659973158604338,0.31268454336449636,-0.35949953976574966
0.09120529189460136,0.3788802788999077,-0.3828462695392433
0.06944133907416306,0.2874311687090864,-0.3895541981211714
0.07508978248447917,0.30428520871879683,-0.3557603089710515
0.012662944776346885,0.038974979865749874,-0.39327075006622514
0.06601460899620037,0.2737631604666918,-0.33757856380047835
0.06944655719834425,0.28574887281669786,-0.36646337511572413
0.06805978100246612,0.2838467009802414,-0.3798497946314634
0.04817459341752284,0.2010628309898979,-0.3958266769092036
0.06214961476313974,0.2556986539724318,-0.35855515938943805
0.046567238548634204,0.1964438982313108,-0.40848500747413763
0.07975001465639497,0.3280747796565107,-0.37236989737454074
0.05795713589679452,0.24473352092245818,-0.4155805020789922
0.08411240688432176,0.3494037940576677,-0.34690906235251506
0.06905314392554662,0.28135001042950186,-0.38036492795079113
0.06172935006391622,0.25599621836037384,-0.3855477647726431
0.05921699322513807,0.243382846990221,-0.370551266656733
0.05895722731284003,0.245137508168204,-0.39482999383898687
0.06085454603749296,0.25206114863463086,-0.3522555415214408
0.06736231131204962,0.2771696923385625,-0.4014515245928969
0.05800825141434918,0.23856489450421492,-0.3528373421687052
0.07369470063235939,0.3057101388435159,-0.3378746132677817
0.07697447919006994,0.31716669563222266,-0.383254631387421
0.026542738186427384,0.11296119807241065,-0.40763390874447014
0.04120505485082093,0.17554159904146444,-0.4109055771607618
0.05155630943914202,0.21290835954152815,-0.3615168941262934
0.0890152681441223,0.3650612921543269,-0.35125602484388774
0.06586228033807551,0.27303324197965656,-0.3632243788965084
0.06972580838650377,0.28583507863545743,-0.3473444930048133
0.06727100519124596,0.27588002883318924,-0.3588788048803223
0.0927177017963674,0.38407391031118543,-0.38681523896463277
0.09920997000222753,0.3982961715741559,-0.36167312768044646
0.057408066790263,0.23805498758978152,-0.38574042212277526
0.06473167537913094,0.26486397955593927,-0.3618003218108984
0.07684088276328671,0.31469059376256137,-0.3903888156380937
0.06095405157565592,0.2500986838698161,-0.36304231300073586
0.07928514055020108,0.3268031335817979,-0.38723483480713194
0.06734405507002483,0.27919439747917185,-0.3596766811883976
0.037802509898992476,0.15781192065132132,-0.41795513544081975
0.05347265034838555,0.21856724197611882,-0.3694391790704935
0.06853778738583105,0.2839674857537232,-0.3759971428431751
0.07680079905321291,0.31791355655388337,-0.3911651567227602
0.08899575372358526,0.36180360957253155,-0.37679414507159903
0.07008830415338863,0.28728206100965425,-0.3969472667146605
0.08814504391780775,0.3649818910194037,-0.37657596002056637
0.07020811559254558,0.2914963926754745,-0.3457344490357668
0.08105636980368613,0.3314833840902413,-0.4212657933036157
0.05544870197050944,0.22659721972873798,-0.34114011279334144
0.0727108872321971,0.3005948167199459,-0.34497768817970753
0.05620850798951316,0.2334791402010898,-0.378689390860541
0.07064855427831729,0.28511628667979766,-0.40169650433778425
0.07767731764038333,0.3175519355758829,-0.33086122101122495
0.07948461562552667,0.33230051817006334,-0.3752814321209308
0.0867793228992142,0.35861853885179856,-0.3673345661923255
0.05200829312632149,0.21734806887411617,-0.40311053698721155
0.0860174714433719,0.3537411875757151,-0.3425188225149143
0.0789317222126964,0.32623974416481927,-0.4039076510030385
0.054436026352459255,0.22708796028522146,-0.4025932681216806
0.040078386178733716,0.1666779731285597,-0.396980314678098
0.041961290502269266,0.17400969191858776,-0.3790933411032992
0.0825049798058255,0.33789397984009767,-0.4006482468521222
0.06303921449586825,0.25843995718821633,-0.37074453247292705
0.07585578974402218,0.31240930053193217,-0.38247565461717703
0.09294783048271515,0.3881537698629563,-0.3624763073549352
0.0674225810963347,0.2794150816999498,-0.41801767068776663
0.11032700377395521,0.4575928080469713,-0.3550321949558066
0.09123909218999904,0.3715516628505968,-0.392915957686223
0.08251879930505646,0.3451123537986782,-0.3726851494318395
0.08692752027788053,0.3572977837658943,-0.3585503968817014
0.08066135783144124,0.3361250591432097,-0.3682828160393724
0.05465570249872842,0.22752799479163782,-0.37209538104600015
0.06830504868561049,0.28072160586133876,-0.3728972404563837
0.06760831579877835,0.27997096294491947,-0.3860957416900469
0.06570394797795487,0.27073912140755707,-0.3703791525957646
0.03793259517228953,0.1581206706926957,-0.39842648166334027
0.0662982306307014,0.2760176551169452,-0.3863040565848497
0.06359264014593724,0.26209767506211845,-0.38798807905354527
0.08303911169921174,0.34496397704265125,-0.3646866778157586
0.06453914183262444,0.26748873181823646,-0.33400693735089304
0.06846689597789646,0.28649265645676425,-0.3518460493253187
0.0627740345996659,0.26005843578210974,-0.3602181361169684
0.06008262189030211,0.24645352141798338,-0.3716974704228213
0.0584325497558531,0.24286513523666084,-0.4064927806815892
0.08635269999711181,0.354521873979872,-0.32976107784283415
0.05616973141861403,0.2291201837042539,-0.34907548932318233
0.048121417378826026,0.19760078455872304,-0.36344279804404556
0.07133556297391963,0.2966091104503327,-0.36991854645890476
0.07128662258576624,0.29317480700474957,-0.3787730073389751
0.08878233407221847,0.36134703504079824,-0.40702188768171166
0.04183563314275229,0.1732014531382673,-0.39244890009170175
0.03872262467854015,0.16123745235336356,-0.38259945758024927
0.064613413781204,0.2680741514454896,-0.39196717277195925
0.10442244006599388,0.4264239166085331,-0.35759829204988336
0.07902475118157826,0.32541737083225936,-0.3738284406995893
0.03851183532036284,0.16247792493314733,-0.38902463841413815
0.058691615641739414,0.24352667657841393,-0.39149844501614117
0.058914719955762695,0.24663608527816,-0.39941190332994625
0.07590062550191723,0.3061273394046981,-0.3619435285868581
0.06744809204469604,0.28125870927123864,-0.3959993416383314
0.06930483994139003,0.2891426992007391,-0.3905122398304244
0.04071612451064932,0.16881365351462696,-0.3799738910828967
0.09646026666855656,0.40750111505616393,-0.33216823478003354
0.10361053647817409,0.4302985991489547,-0.356395636166294
0.04746557948409946,0.19742726292137266,-0.3961581587578913
0.04564639907391954,0.19024925662629996,-0.3841453114455131
0.08528026792054422,0.34819533284650034,-0.3858288804786697
0.07307022456215284,0.30357352923276654,-0.36468945972703315
0.0395623782587633,0.16139366890505916,-0.3708446845976969
0.07136038412885237,0.28727590151863464,-0.37741289760899777
0.06488854445636294,0.2685332356632185,-0.4016605360070402
0.04332840678290184,0.18161185988025227,-0.39113105705053997
0.08491208702319342,0.34894569539588893,-0.3933322917661878
0.10314359866373812,0.41521630806367577,-0.3445003800301223
0.0340560737076927,0.14690462298912002,-0.3990088426824818
0.06992538538996529,0.2884517882678673,-0.3607893119684562
0.07350699332499833,0.30492289331835953,-0.4138771051235418
0.06453575076422635,0.26822526411194975,-0.3833023027836361
0.0817620865829416,0.33954637647788427,-0.3742765748109087
0.06852567006552124,0.27861265910890487,-0.3475424884684948
0.05453349643267247,0.22318208555852356,-0.3561160817887925
0.0825604760263523,0.34269420514400406,-0.3515797780156136
0.08917295653610458,0.3714737140894774,-0.38618747967130695
0.07670897153608269,0.31719327516881096,-0.3585127516600499
0.0621745730354073,0.25845910115878745,-0.396200249759854
0.07032213800294018,0.29131713027294726,-0.41130344690740506
0.08374687068088993,0.33849170839154813,-0.3804794311296201
0.09015986599994541,0.3731979793610828,-0.38379370684085967
0.07803587066260986,0.32421201850646614,-0.34694148431863125
0.07798372900585537,0.3197692425522319,-0.3751374485103346
0.06752131455766608,0.27929993805173065,-0.37039714727396333
0.08822579859338431,0.3586862671480686,-0.3883172919716986
0.091176523567013,0.37523250807893216,-0.35554209785073454
0.08559764512624968,0.3539137412132539,-0.3680469905614999
0.07169948835738715,0.2972166686713577,-0.3875266250104986
0.03694802842115297,0.1572191518646211,-0.4225145404690088
0.08815945904953049,0.358121292316992,-0.3900219280813142
0.07960361872993182,0.3250055051148952,-0.35414945673015985
0.06028554175776346,0.24439701434122046,-0.32100755556273597
0.05480952225346791,0.22518205696548196,-0.3197202680501817
0.07232739490869333,0.30137049508615604,-0.3540908990199032
0.07421392446531594,0.30841673471889886,-0.3739596643520329
0.056554817067883345,0.23363903281762693,-0.36300259447704575
0.07901691512644637,0.3265776734951014,-0.3307595938386304
0.08401073757795907,0.3432622276911353,-0.39757524657811094
0.06563860451170167,0.2714331344289238,-0.361897981086183
0.059893509730703176,0.24790602039411494,-0.3473213814082384
0.06487557688785994,0.265993710580238,-0.3541616092493989
0.06309728798221403,0.2632075335527407,-0.39443779490213093
0.04057652412014989,0.1657539926327846,-0.3682626023663955
0.08196207858819493,0.3361513704411003,-0.3797689028440119
0.07316687817259449,0.2998420405419533,-0.3423518775827844
0.04323614462627323,0.1782317314826334,-0.38211209060730855
0.04612876512785147,0.18886887119193282,-0.376076539203265
0.04006486501128448,0.1674284830680377,-0.38189321088362926
0.04410942860314537,0.18220449164480387,-0.39136484467350907
0.07488820217488157,0.30916677424102607,-0.3753304396185585
0.05544787201887824,0.22866327560358551,-0.36193430124832016
0.057444488966320595,0.2393069741224551,-0.4101462741350044
0.056171771719730756,0.23240315194653233,-0.35687896046926004
0.09991799060136519,0.4064347145989012,-0.3668205204014152
0.0902833724477281,0.3703783231894796,-0.36800973206177257
0.06854816481963022,0.28355967224713224,-0.38874347555387667
0.07461718241071069,0.3028686585248404,-0.39154151050825037
0.05407229542813696,0.22635021225036203,-0.4211408759453542
0.07598085937995736,0.3109170558636097,-0.37419793110280875
0.028080734705331123,0.11648812704660776,-0.3678718565651935
0.09465000419314751,0.39768379211961763,-0.35040652411635975
0.04036609485937781,0.17160892528870467,-0.42396495472535545
0.06600957318900491,0.2719386429254991,-0.37470213661494345
0.05701876539465278,0.2361096509921418,-0.3747032639577016
0.02373508967544624,0.1010347794377366,-0.394186982044726
0.04249369399985592,0.1794270170130708,-0.4055536507056139
0.07840312619125989,0.3192022171477473,-0.3761155153373801
0.07808236744860775,0.3200333185575694,-0.4021473452345553
0.056431135885232964,0.2326022855546782,-0.36634563537550724
0.0943980439627552,0.3869162832103172,-0.36074654426988384
0.08360801593580747,0.3521664086829467,-0.3090220166119795
0.05019886167158094,0.2055051040528259,-0.35923610728244126
0.07115778693793762,0.2905790733181074,-0.37982509486707505
0.036788229181892174,0.14761675927484785,-0.3877669716683705
0.07999269276147558,0.3379034109205815,-0.3543238005841175
0.08393132755399435,0.3450478630447895,-0.344135085400044
0.0798272279656107,0.32734086165237114,-0.3895928309915282
0.029036498325462512,0.12463542271574926,-0.42136084485305925
0.06293657263574715,0.26349775903149497,-0.3849735963050802
0.0430225592935467,0.17805067167061725,-0.4007457486355549
0.07303354837629072,0.3008145633724319,-0.36265493894261003
0.05830743479019973,0.2420668789008519,-0.38856588348117027
0.08319468098259142,0.3447653266313939,-0.3671859552390496
0.09811358671986081,0.3952116708550774,-0.3349302986410603
0.04972958725960441,0.2042686462040924,-0.37617422192608907
0.04930755533630404,0.20808642595659685,-0.4075959018122757
0.06415638972906779,0.26638331426028156,-0.3886103648656817
0.04660468540468665,0.1893355421637801,-0.3390105585096651
0.07945551946284768,0.3292195605542474,-0.3385677196303798
0.07356628102006324,0.3045624082787425,-0.34659317989760297
0.06568989642392431,0.27295380345491926,-0.382902194480945
0.06687015753228986,0.2780431674968945,-0.3618854297489018
0.059296528910725455,0.2441621457667917,-0.36758900131067285
0.04504923258122662,0.1867487120220372,-0.37513229989604324
0.0627976566582289,0.2578526313768355,-0.3135884613143963
0.0452790751713934,0.1865167694535774,-0.37366011417623146
0.06272251940122953,0.26054515075105755,-0.3796567341263881
0.08581282285993463,0.3531096929247983,-0.38511664367259446
0.07195131608354566,0.2991231763298133,-0.3899319634242586
0.11260054061995217,0.4654017790751105,-0.3565151358237203
0.05424673583682482,0.22590977971475398,-0.40197758806359285
0.05977349267807108,0.24521951794672536,-0.3573209749537958
0.06484809271185088,0.2680487163520657,-0.40111017489945633
0.0716353538229606,0.2971367379882202,-0.3752698888279433
0.06579361590060362,0.2738884275596621,-0.36888959634947704
0.07258699148189462,0.30096457025999707,-0.3347890739276762
0.0668327637483539,0.2735712310792754,-0.4236644133586662
0.06994332971290818,0.28903075307472265,-0.3790919929551534
0.08983497935940088,0.36966025825450055,-0.37191914740504195
0.07970578354507096,0.33129246879214386,-0.3960502240785514
0.04853165937946691,0.20023730181020338,-0.3853000722263423
0.0696627025526273,0.2837765429357697,-0.3548238128740895
0.07489335705592048,0.3090917788069927,-0.4105381471882882
0.08865851486296417,0.36328477654035035,-0.3294377922601498
0.06286214379424582,0.2639031549616644,-0.4476681435840364
0.07915820307301913,0.328838523229616,-0.3612167430679679
0.07713571978433564,0.3104708003985757,-0.38201891770533714
0.05345706140527873,0.22035597737547744,-0.35902282900719207
0.05828623486210183,0.24162605794650008,-0.39810057056039827
0.0719736398513442,0.2979872219124009,-0.3828269013412058
0.09651735158237962,0.4008135184860397,-0.39243211130878575
0.06005359987078762,0.24832149978076018,-0.395521849892271
0.05416907958380546,0.2262439576115949,-0.4150558503401377
0.06838725201425122,0.28039967345051114,-0.3252402868570603
0.07393599348853219,0.30193395192660066,-0.39836771329424725
0.06178399408822277,0.2554214557452049,-0.39562690887070007
0.09608954574206519,0.39756441695334843,-0.3698194383102491
0.06041623336597102,0.25032313151356367,-0.4017947479206482
0.0776323171161708,0.31688549367015184,-0.3562112000214407
0.08551831193671044,0.3511446258029503,-0.3463078461744188
0.0617681034877644,0.2541971878187403,-0.36700359851332565
0.07965274647065912,0.32867204434920794,-0.37668515588599794
0.07826936065510526,0.3283154400419282,-0.36170813751803044
0.07906240513428431,0.32647342429819004,-0.38468379457408164
0.04451235604330073,0.18326740235743524,-0.3867325463342738
0.04357015275217613,0.17815744800869954,-0.37443914477396345
0.07118612361616061,0.2947455660444762,-0.3952872591928721
0.060973950562998924,0.2526427465286277,-0.3808790228516996
0.023986043089342157,0.09747219059297134,-0.3875435233558677
0.06287999794523524,0.26019220817285377,-0.38796041041502394
0.08400274755011883,0.34552253454263615,-0.4132643810285225
0.07679517040479555,0.31532070008703184,-0.3789638184868104
0.0935347190886393,0.3917115620773133,-0.3485749856272944
0.08822217202076521,0.36618509626174495,-0.3479618836982664
0.07367317692821995,0.30388660727806605,-0.3816490357506569
0.09689775638326159,0.3894810335965723,-0.3815026221267551
0.08998848056292519,0.3739830865962759,-0.3564189836730891
0.07505340493242563,0.3088447326838994,-0.36234049603892027
0.07504185734582247,0.31030724226703804,-0.40949133686841654
0.06194717806378658,0.25477816210424786,-0.35320539728846534
0.05035449472043463,0.2083867524627485,-0.3686546695721672
0.06443716209577377,0.26704306452602805,-0.38218978865301667
0.06516700462622005,0.26816923750920924,-0.374205197344918
0.09338451422491989,0.3800819511739061,-0.3792345996355838
0.07975701006644709,0.32867154356636563,-0.38861611288386055
0.08033821712313682,0.32762642153886706,-0.36931082716057206
0.07964600882544715,0.3299270546941166,-0.3624017610493411
0.05500563784991708,0.22563448323083057,-0.34536204175895946
0.06469202539299679,0.2682491317453685,-0.38940356803504284
0.07164486581417728,0.2953177503482617,-0.38163653396822694
0.06632703208956858,0.2761131781948265,-0.3796677584336866
0.08933705647307799,0.3591717984785152,-0.36357772739476857
0.05285247418839267,0.21709381185322982,-0.3703889831137699
0.05498028558772683,0.22999608508732505,-0.39972004728029664
0.04585302887893272,0.19233387104671176,-0.4046863436217354
0.05516404378904127,0.22653232159824277,-0.36473969500274384
0.05963051481359649,0.24490162994162182,-0.3714191576490401
0.059423801808072385,0.24611650908820532,-0.3999497368762297
0.09673022997148095,0.39967137257787694,-0.36135966989264134
0.06533159451656645,0.27006442181889667,-0.35842560375630295
0.05773562254945075,0.23887805710332216,-0.38805692969883987
0.05620370080162451,0.23480183746323824,-0.40118436518461575
0.04503783970625297,0.18564102420809672,-0.3789064969135558
0.0616227888137284,0.25593795550596454,-0.39384200370358224
0.06351220627479792,0.26656134932992015,-0.39397193828228694
0.07073067606991956,0.292751650671903,-0.379145983291465
0.06849019266479983,0.28041435304126466,-0.3843770090044629
0.07834553442394454,0.3267434393908974,-0.3517144077700056
0.050664753787996064,0.20791477442194184,-0.38753486400228365
0.0523941427270016,0.21845261873885355,-0.38122613333249766
0.05722208845810273,0.23639664491646967,-0.39491389504113417
0.06973924562430289,0.288731436052368,-0.35319167009679275
0.10913984240509755,0.43762495399757695,-0.399928935931982
0.05248663958464128,0.2138610048547803,-0.3655203111244115
0.08524543397001372,0.3462437682565608,-0.391797705595046
0.029565746792543646,0.11301978455264197,-0.349369991283773
0.04833395962999254,0.19984734374696475,-0.3769427528928838
0.05542067747064228,0.2275486210515292,-0.3423578162614006
0.06916461110990624,0.28340178680837635,-0.3830124502802126
0.07986467294834854,0.3284856370601058,-0.39116735056127705
0.060977568561732864,0.25260987925462824,-0.39623498316635386
0.08704956882438708,0.35736936852454765,-0.369102357646219
0.08291702845259774,0.33926248085813976,-0.36221746059927196
0.05457833918599131,0.2266293179969631,-0.3770789793817677
0.05459827916342297,0.2252936381491434,-0.36924681348029376
0.07205072644091026,0.29656195342661307,-0.36938445166515754
0.0749381185404725,0.3099261552832454,-0.39018059363011215
0.050289566303949984,0.2123125877373235,-0.4052034921170966
0.08081895404620854,0.3329171725413365,-0.3529276909598794
0.06756332535637233,0.28007215666925966,-0.39177077996726395
0.057730188379457426,0.23913953014898298,-0.38506154455643005
0.07397729699040156,0.3012384167039666,-0.34966927143431126
0.06959350212712967,0.285341584713561,-0.3380404061399692
0.10056381287533989,0.41298102807633036,-0.3805406059909462
0.09091423572603308,0.3699453135747746,-0.3752628550832734
0.058862568216368816,0.24384116137683617,-0.36440419180836336
0.08175825607251208,0.33239545551057753,-0.3767722523218673
0.07670011998569382,0.3172610441282948,-0.42602695286281733
0.08808032495430962,0.35499191392571755,-0.3538623910592905
0.05272507818875338,0.22107321278447797,-0.39637262275998253
0.05624731991927989,0.23321000055057436,-0.4078747060868131
0.04922505120254894,0.20647913895776807,-0.4117086468708211
0.09111077908323284,0.37827632144829154,-0.3646919900639717
0.05415913364531666,0.22397504499763216,-0.364086182804625
0.06525167890628203,0.26790909413375485,-0.35962128025157714
0.08053448127263918,0.33420794403237153,-0.4160018669739398
0.05410001204306769,0.22298183425389864,-0.3872404636475112
0.05956516704031589,0.25002898535155943,-0.41810278589513694
0.08740491206777001,0.35737825915605953,-0.38877952475735655
0.06097411689540211,0.2552075967711226,-0.413842330198259
0.04704364366716218,0.19550710903852278,-0.38630828533069606
0.07837972505329227,0.3213182301461788,-0.38586247164901233
0.06784159757349228,0.273837669978754,-0.35296745732332946
0.08556782301279231,0.3454114142851068,-0.408147148381389
0.06579051874883124,0.2726580102521367,-0.3976136646803744
0.05924601645146921,0.24570486494957303,-0.3642664055657946
0.0707279467678339,0.29453368967997173,-0.38791028283337203
0.06813290478830014,0.27945473906275087,-0.38980084173567175
0.09429502329771378,0.3861073055342457,-0.387357900619022
0.04786526007784064,0.1984217902808622,-0.3833729101553889
0.05389926742099327,0.2255950402862451,-0.4034893363209686
0.06083044124664072,0.25728422938956647,-0.4601399118797297
0.04785513958869547,0.20082093974092294,-0.3986343363706071
0.06636836094234355,0.27704494151583414,-0.35183918104481804
0.07140612812385982,0.2971452704402209,-0.39927139797493116
0.05669883539652654,0.2364058782924559,-0.38280787943172234
0.06705612163860519,0.27922221045553186,-0.3983095341033114
0.06213503932452569,0.26120589692655805,-0.4323680429276118
0.04520968124182145,0.18931307667764719,-0.41813305106432064
0.05912837691292383,0.24389405935324612,-0.3964675118928134
0.0511612428806667,0.2150080480478349,-0.3921233980600094
0.07415750406373411,0.30734084898362035,-0.36441544149374905
0.05862156567228172,0.24044198536978936,-0.37021884326056964
0.05939720356995548,0.24378759159705568,-0.3892615680326672
0.11226948599825848,0.45840935094552027,-0.36019632329018225
0.057745517328698925,0.23837379225965769,-0.3709984422969995
0.07849909535857313,0.3267235987511437,-0.37038381228933726
0.06496380237525368,0.2669801763082342,-0.3378299973919481
0.09093964122953091,0.3686080253091741,-0.3931132204410842
0.07957936588521353,0.33173383076316376,-0.35724242106361137
0.05383305382016701,0.22445589109282874,-0.40309439146441006
0.041200753968811066,0.16985260054419088,-0.3757247831459758
0.0716708662955019,0.2967786115751612,-0.421296228192782
0.07077891781201862,0.2913721307820511,-0.4059721618506483
0.05061219828136476,0.20941725549591947,-0.4016042562620159
0.08285296239324924,0.3395142106054097,-0.36767618834535654
0.0830851447956269,0.3463841362157422,-0.3327267281588139
0.09046876396146786,0.37419246498042974,-0.3693097412107137
0.05196542029990403,0.21574298899206162,-0.38374525412822535
0.08105073179813238,0.32962959125102814,-0.34535252358893087
0.041431336399482266,0.17654583525642195,-0.40304124670914676
0.06102346669218228,0.2517567047795666,-0.37459253134289916
0.0562104135035697,0.2348162580108709,-0.39960604565974045
0.06724915435073586,0.27654809075927866,-0.3731002584749302
0.06651867237625697,0.2758911251091915,-0.40981814095433666
0.08998345771729221,0.3701911670042034,-0.34595923394494643
0.09166578139409909,0.36549581874874254,-0.4063236650280825
0.06594049628563448,0.2759245218678673,-0.40207462125452664
0.02762532365798198,0.11530788753194512,-0.39988254954602953
0.07504017912750816,0.31060972001186865,-0.3702631824741328
0.06476825754340454,0.2689040719777334,-0.3911916451923907
0.06246083838655925,0.25891400302806256,-0.36666651273711526
0.03978263915686586,0.16202416590533758,-0.37741887025963416
0.0608124678077564,0.2517053560830039,-0.4084809727758947
0.07350293266422425,0.30131454585932765,-0.37265345032733
0.07687102153223302,0.3155873941276736,-0.37669146502328577
0.0953307636891012,0.38807391889985443,-0.35462499996169305
0.08328523380053943,0.3400703312805237,-0.3671368208005983
0.07993420849124044,0.33495260180121894,-0.40474463576444475
0.07348383691281635,0.3074276580938872,-0.38565931078893245
0.053265026949269156,0.21923343765426437,-0.35082320466780337
0.058146688284280934,0.24005354548100777,-0.352699186644973
0.08423109267880724,0.34416487272207275,-0.36638762888237464
0.06328761728866161,0.26132053825116697,-0.399899328378045
0.04154766344420713,0.1701891963257709,-0.37273198276644215
0.07932019493443043,0.3259550675167927,-0.38182827958521104
0.06434366829221094,0.2659399787884631,-0.37044146733604555
0.07289639830925676,0.2980580882298126,-0.3806280365095013
0.07922677506674547,0.32865207500160115,-0.33358472742355527
0.047785625761426864,0.19724127977449324,-0.3637948125522421
0.061098878638235155,0.2486710485964276,-0.3670956195269214
0.05198989417191924,0.2137146996827641,-0.3572558575799347
0.07657945839229718,0.3155738294165885,-0.355318698532625
0.05698408609240602,0.23869712071968155,-0.45811429878289056
0.07078814420179325,0.29080957289981385,-0.38227879068671156
0.05910879929294599,0.24499880354125744,-0.35328001336858317
0.04433689179360356,0.1848146576879413,-0.386049974838641
0.10965616209234508,0.4487747695019515,-0.3523731721212535
0.06066817964066784,0.251926436187661,-0.41166249175294467
0.0940681238650043,0.3804842216451301,-0.37200362117470076
0.05306552549871091,0.2197851933632079,-0.3836543508358359
0.07442605107741063,0.30727573424201965,-0.38977430431914495
0.03975008931678237,0.16938020282076013,-0.40778528073334097
0.08012278191277278,0.32554794507023715,-0.39596203699143395
0.10371377355168399,0.42834912108538115,-0.38534917790659584
0.05293187838772462,0.22199840801238718,-0.407283856002174
0.040694677932736845,0.16793763731969027,-0.39907299871805035
0.08683149156148184,0.35849986010005847,-0.38591171536816926
0.08770731140754573,0.36458093679203774,-0.3336470728944412
0.032929283993900826,0.13269561212299283,-0.3633825670579165
0.07392632288659051,0.3028717134709818,-0.3565130774634768
0.044319954986228094,0.17977540456382538,-0.3467177397317558
0.0498239251318644,0.20484598698931497,-0.37387894664399
0.077893187513695,0.3206008396280226,-0.3922920093989908
0.056747965285620205,0.2333091018844644,-0.350838083876302
0.0912125966680517,0.3721913902435488,-0.3573570698021582
0.08025164893622239,0.33165061468601653,-0.38734935885740385
0.039018060215219474,0.1596183279347591,-0.39339142850571585
0.07434666585413252,0.30647310636191094,-0.40628466854584444
0.045387021885178847,0.18900105059437708,-0.3709992701430319
0.07846468505680293,0.32849988438848104,-0.3803319438092829
0.09145317800447539,0.3719436191800309,-0.38052659949011647
0.06762969410339315,0.27791676469321364,-0.36906697668281285
0.07762994643827592,0.3212831456380396,-0.39727462382314815
0.06458881530031824,0.2687337581360852,-0.4179526587655976
0.05045025747161502,0.212930620486458,-0.4218380361834765
0.06478488802083815,0.2671551445493011,-0.38379756272387267
0.05268064939911299,0.21735280865895162,-0.37230628800641874
0.10670725473954534,0.4342824794374698,-0.3766168391611978
0.08693332332768255,0.35445425089250354,-0.36495715471870716
0.09123769252241942,0.3746126982618268,-0.38782549730631966
0.10208919565809405,0.4201990726262966,-0.38174362926951655
0.03997961964635821,0.166109506251694,-0.3843507930942267
0.08109581674977284,0.3309829582037186,-0.36800351505464124
0.0732733337224234,0.30195946823849973,-0.3753488404128943
0.0916526699331448,0.372506650897227,-0.36065118337711777
0.07321242586582133,0.30352862966242516,-0.3703642397226812
0.08060607271192,0.3371933520170382,-0.42709300033797193
0.07769975986919953,0.31772804108142394,-0.3895567819145478
0.04490608234240412,0.1861651958680002,-0.39080841027937707
0.06748785708372096,0.28164704638021637,-0.36998252151020694
0.06652812616282233,0.27917296989133206,-0.42865307317055235
0.06171558911630837,0.2598174302315916,-0.4098300892232871
0.04885175906165817,0.2056006364221363,-0.40667772563557514
0.06921430648128113,0.28340770320576447,-0.34357833039490115
0.0799250844739563,0.330101799514418,-0.3385405967325985
0.06440320136788835,0.26917076155011627,-0.39867213856052386
0.06399731915013263,0.26574203552443054,-0.34543249901981654
0.06626903323175148,0.2741090648156381,-0.3822656401105228
0.04598903810746213,0.18935360250399116,-0.35398455530011286
0.04465263456023405,0.18721603245519403,-0.3942090512108275
0.05932183248345746,0.24773990532317997,-0.4185997753527786
0.0880507422659107,0.361087926985838,-0.38695639486854927
0.06640819380862428,0.28039085229335964,-0.42501501760954385
0.03937703996590458,0.1628194455805358,-0.3776449210764101
0.07160615273844062,0.29580116988744776,-0.38497618022565905
0.06152207323195458,0.256305193194804,-0.3922267074549797
0.08845370570254163,0.36551066748633043,-0.3705752918905334
0.07825272151560081,0.32662331341199985,-0.37118214302803554
0.05056015956259885,0.205355680222757,-0.3432703506699045
0.06872141366801365,0.2829261717645642,-0.38057260238183377
0.07784227282217593,0.32047338154817934,-0.38264067239085864
0.06556679549239952,0.2712766119183135,-0.38346617708887254
0.06737160266661579,0.278952718013804,-0.3587777894180946
0.05925133354133583,0.2448228078030898,-0.3663022811760229
0.07713915516996694,0.3181071253726304,-0.3446475054136945
0.05389319207770438,0.22306044495383406,-0.4008799385351769
0.07683104522421758,0.3184848776362133,-0.3690704570795462
0.0900142663897947,0.3693941243597653,-0.38561394429423423
0.048943138584498724,0.20353107040415588,-0.41322825709546296
0.0805902641887295,0.3317259610155781,-0.3779544147616709
0.041060563017732754,0.17152730802084545,-0.3992233045678565
0.05247599471995357,0.21638736705945985,-0.37483164435895755
0.04460833672629683,0.18986694945463303,-0.4275648578514323
0.0902749880214666,0.37333630161671744,-0.36456898824255324
0.09579529535508824,0.3947793464768389,-0.37011108046438934
0.04989599021595881,0.20442381525375453,-0.3777826773605054
0.08096616434536141,0.3364011170150877,-0.33289898805102014
0.09187814666027005,0.3710375083156641,-0.3710870902788158
0.058630877525069014,0.242383365897164,-0.370940313221384
0.05817218738201202,0.24156815272086057,-0.3718547257958926
0.0731787054305646,0.30551027222499255,-0.3794664409343659
0.07654560754599449,0.31517871072906267,-0.38944818297204997
0.0758977800951639,0.30565427553858554,-0.3615503726954564
0.06458521146424756,0.268831852645742,-0.3859415715188138
0.10345427277315977,0.41012771227291384,-0.40458629898362997
0.057503943986841,0.23803870963291432,-0.3922428929441494
0.03952214927856823,0.16545705278606368,-0.3893742215970264
0.10488672154836642,0.4232443995986358,-0.36870673899493556
0.09547713471462171,0.39445638639787556,-0.3553379258806326
0.08469205096673105,0.34608241831024356,-0.35095348606925436
0.07746312895119822,0.3194290881109928,-0.3799380402746402
0.08963762286654009,0.3613771957938094,-0.40638789983822177
0.0697660761072445,0.28996214421001076,-0.37056323892089793
0.09146373745155079,0.3718483386482208,-0.3919178796783105
0.08015690419813248,0.32766032410537654,-0.3935417185022928
0.08718371197969921,0.3568849092979449,-0.3568405298000965
0.0849115904976685,0.3474943616909717,-0.37388267886147897
0.07585889337422747,0.3111541818883725,-0.3488951795588656
0.07051137054676015,0.2938725880038884,-0.36204491224914526
0.06850820863952278,0.28422607091242647,-0.3539178714780279
0.08940583870133034,0.3675889276390235,-0.38111662971889504
0.07015183679220649,0.28703042423664893,-0.3837463102262515
0.07581570690905526,0.3097400457399456,-0.37017892058046864
0.04270670455159542,0.17903550934289622,-0.3908810766692059
0.0761213703620034,0.3150956447543094,-0.36556871170738003
0.08559690489721783,0.35273028141088597,-0.37878595067100684
0.05463721391496468,0.22626390140737157,-0.3912926013068764
0.05864784186912675,0.2434844006373405,-0.3955996654292081
0.08498992288751239,0.3553217188042239,-0.3394834548558284
0.0749563443633201,0.3112497097721586,-0.38280593822041764
0.08109060624278341,0.33494997196099474,-0.35090496020365114
0.057870385481599174,0.2414066010167932,-0.40222416096934044
0.030371797906425746,0.1241289117425228,-0.3876686993793155
0.040619133871978574,0.1701951276046416,-0.39861014460201016
0.05522859713136907,0.2312674921315917,-0.4189347931266719
0.05815558973920831,0.23961551608259543,-0.3657416436745168
0.07539874721416684,0.31473748546553126,-0.3542592672184185
0.07134025606009664,0.2951913968057728,-0.3904333821919329
0.11872325744262402,0.48479928536255096,-0.3726926687786646
0.06537712067017432,0.2714103385854447,-0.4128083681068554
0.055774093455706275,0.23105902620157465,-0.3765196487365362
0.06464026086210639,0.26513330176813216,-0.36212363989325846
0.08729557010046873,0.35974126102606463,-0.3742572698741342
0.06240718880709317,0.2615834562715379,-0.437599600268774
0.042584013046294,0.1755795888285484,-0.3639544087977884
0.07669309244350808,0.3186741822449164,-0.4067548158204898
0.053066563275211864,0.21985327946551528,-0.4066165652281871
0.10797229418563692,0.4322108085470882,-0.3567571134747548
0.04349013272449298,0.1798855506204444,-0.3775662297333099
0.08795179870948289,0.3596686322729505,-0.3721884212149137
0.06566224096691498,0.27215086791197907,-0.3872980551801729
0.06737699714128409,0.27807786708035487,-0.38780338285907634
0.07031889253038281,0.29154763710675147,-0.39936240676505474
0.044587637770764355,0.18388176758066205,-0.3669910608903789
0.07449448630887745,0.30703699507746024,-0.3639675112215932
0.052104405094324235,0.2129143516527934,-0.3574211008486784
0.08092277303865192,0.3370928259021348,-0.3985739537969971
0.09403834763048247,0.38106746763511734,-0.3805271470131695
0.08241402059033587,0.3388080056047375,-0.3843234075607075
0.07360026423153343,0.29905302485027885,-0.36675279310879316
0.08588862522297824,0.35622725455204834,-0.3476809062299655
0.0671133331901077,0.2751262417821706,-0.39857090202791656
0.0874540812006277,0.3553541810817239,-0.37593036754429665
0.10340814843580204,0.4225670944211422,-0.40199163001312765
0.0899054282611016,0.363205642559207,-0.39047073038513935
0.058749350169467585,0.2411828505825273,-0.3634906357248646
0.04948301053043003,0.21013318244249765,-0.4364196711776195
0.05857883031195943,0.24063248411456145,-0.37773648734817145
0.06819503566164031,0.28272338641990485,-0.4082681571920125
0.054916345236282194,0.22775001177927853,-0.38070543912185106
0.03641017173195715,0.15452319973119108,-0.4291865607287857
0.09247092466843831,0.37225027343483796,-0.3882319816378532
0.06047570033921379,0.24776357136580013,-0.37272081955517955
0.035734631663994376,0.14070261199551393,-0.38450859164468176
0.05520198552359279,0.2280890918785208,-0.4214743994499479
0.06325695170150203,0.2606419736174107,-0.3736452590769548
0.06995704865758401,0.2876702701124669,-0.3866482467561084
0.04703694010920789,0.19522717152054614,-0.3823828866252358
0.07748819788797978,0.3186664777074531,-0.4032910001393354
0.06250470187867263,0.2575105561420017,-0.3373635709574625
0.10230846914434877,0.4189075282786622,-0.35439870630780257
0.04691980781980298,0.19182416650073977,-0.35999194664611267
0.05406516459168986,0.22355941755641837,-0.38991541416682296
0.07320623068199139,0.3034235436606364,-0.37893928012045386
0.0760306916246849,0.31627470981298894,-0.3963822612476895
0.06910953723796842,0.2832043637236107,-0.3294484595191307
0.06790431166844813,0.28300038339044215,-0.4111781309359872
0.06501311067080096,0.26823954488422447,-0.3878109815656706
0.06363451747232074,0.2645653364707987,-0.39470296281055595
0.07572907787857619,0.30996821975354755,-0.3845521029468665
0.09077072954588083,0.37565398612207485,-0.4003236142301828
0.06213996786747655,0.25728265121201455,-0.39507416571189213
0.05401648459335684,0.22225181386648793,-0.3695638304528277
0.06842159570978845,0.28218974467904395,-0.35889600010253175
0.08271325725176171,0.34068169426414635,-0.3772087622676309
0.12315744846612953,0.48648048822534173,-0.37009687157395665
0.07668299417745494,0.31676639264449336,-0.3574935184516983
0.07225656863342333,0.30015690827399905,-0.3881937205643271
0.07633847015551565,0.31380512187196336,-0.3832095202423764
0.07725158056134318,0.3215827462646665,-0.3979317434230272
0.07208141508876764,0.2974150917573991,-0.3681022742070649
0.08207413066867741,0.33750522859813553,-0.3369653603555307
0.05050107833807638,0.20904293276311228,-0.390250564437847
0.0820205449707625,0.33848913915764467,-0.3299566284054817
0.07767473805104097,0.32162193211914814,-0.357307431661651
0.07715826000400017,0.3168096217391556,-0.398303764757709
0.05934695591024841,0.24659921490980335,-0.39899191340749707
0.07015136469076855,0.2914736330811052,-0.38909409920536053
0.057584868479080065,0.2377065994102217,-0.35011975538247087
0.05399391483712512,0.2241725153051413,-0.3873957937426462
0.05999912918377737,0.24930296276384006,-0.3741275110831406
0.08090330488557029,0.33377112411646065,-0.35338810097159035
0.05019172734918609,0.21020066619979041,-0.41048160046296034
0.05293091142046524,0.2207679115510607,-0.3663566668621151
0.06050328654758408,0.2516176350653274,-0.3812671675289794
0.05482190893691574,0.22817827934867516,-0.36758629537961474
0.08684814890449988,0.3555571799213118,-0.36301975786366725
0.055008443348654845,0.2284441442037167,-0.37944507848958875
0.07640720091656128,0.3104956458880192,-0.3613801587782215
0.051345874199783204,0.21589933795635,-0.4155927678827789
0.0637310614443336,0.2634604399224184,-0.4052968067454932
0.07318829257283599,0.30251780501144054,-0.3805388344949514
0.05562839434655076,0.23052526376952281,-0.36881550131235363
0.06382975186579931,0.2654364046691928,-0.38586998801898365
0.07131592777842743,0.2944401846753009,-0.36181708712341254
0.07747913999166767,0.3197138670387657,-0.3601420903901432
0.06403203923005463,0.26527523633638933,-0.3595145673038129
0.06449320361791377,0.26639727008641306,-0.38019765778547954
0.05833169095830559,0.24214799520157124,-0.36997311930446763
0.07939335643204393,0.3278742380257367,-0.3880236298623039
0.04546388700724169,0.1900068368926218,-0.4129858478741357
0.05534591731617344,0.22788081094335555,-0.4084505979637937
0.0632688124795946,0.2651499670148096,-0.3764247181912388
0.07945952396960876,0.3270422224782575,-0.38327618287069065
0.0699078509351887,0.28970517687219216,-0.40315999073286923
0.0828395852574797,0.34162347232670187,-0.35865839486154416
0.054006634889389726,0.22553641903405894,-0.4186458651438555
0.09241201755572948,0.3822095041683596,-0.3581106172816888
0.0830254363157974,0.33817368935487335,-0.3735830352983339
0.059290049882375406,0.2470903033904206,-0.3920151747985763
0.055938790516388615,0.23304691920584092,-0.41308367259839873
0.06326227728412293,0.260511055978928,-0.38280171331397816
0.023678121626256488,0.10573895461995249,-0.4268254917432337
0.06317456758015982,0.26141036038309473,-0.41105749570234373
0.06618823475007485,0.27431586110396466,-0.34899798133199567
0.08791813509808244,0.3658398195856145,-0.37336988893370526
0.06335279262757076,0.26343132820157056,-0.38600707546414736
0.05915313401128386,0.24779952950629328,-0.4086654156042776
0.050268462121693336,0.20885001872275957,-0.384214753453339
0.07425366704656922,0.30677251657212484,-0.3696885637928241
0.04732974925765654,0.19628406506342255,-0.37379037333635445
0.10466595371934284,0.4293972929844113,-0.39572831917745044
0.06402718905529792,0.26179207296471324,-0.32002577420212375
0.06376923418151237,0.26548465622265743,-0.3557794357794295
0.05115541075776009,0.21368117449084223,-0.3933560190688504
0.03712202677631837,0.1567369072550086,-0.40986714623033527
0.07515615955158883,0.3102533421058423,-0.3975528995718709
0.06702339284533476,0.2794130663765498,-0.4064422648868027
0.024529647008327826,0.09924098943807676,-0.4262688810401769
0.07038012730086485,0.2940592726937659,-0.34836235354730305
0.07560065257680426,0.31109129205227554,-0.3693956440487888
0.04464504902060318,0.18170056945697244,-0.3537727663004404
0.11535141843667773,0.4634627172042207,-0.3886678693264459
0.06298910666671365,0.259816756370315,-0.3449203597561632
0.08943000683631697,0.36361683333762906,-0.3433145245274716
0.0495246573634911,0.20383350254251487,-0.3626634302148325
0.06807842318538548,0.2800194101902188,-0.38463335143895605
0.05815534038921899,0.24086438238457283,-0.356863962954744
0.07076244838653167,0.2866561340583327,-0.38758010588743563
0.08996268656090622,0.36918589534112134,-0.3902200981842614
0.051113804383218886,0.21287974191627707,-0.3798999030416984
0.048403902504252416,0.1986204921392261,-0.3560408820564921
0.08629837984834787,0.3581458413193456,-0.3715040081347364
0.0633562529717735,0.26649820866449414,-0.41053066725634646
0.10909729529907186,0.44372229285231124,-0.3808456722563093
0.061032934951365414,0.253172162277336,-0.3723195757857277
0.03945461745704493,0.1654450284354966,-0.4060244021799948
0.0481876546563913,0.2000877822968083,-0.37937603477671444
0.08155250002531012,0.33551792293923655,-0.3723512541436065
0.08137010374887255,0.33325350981270735,-0.3643060372344581
0.0808765025600433,0.3281112732544915,-0.3803891570434976
0.07528790829701171,0.31282300471830593,-0.40002591776720176
0.07831642716705334,0.3264268008584133,-0.36764887009709524
0.053596899333249404,0.22841474109558774,-0.43503133351712164
0.04599753146758756,0.1919552688765172,-0.37474512065889676
0.06306935569698124,0.2606659221510031,-0.3714987971163288
0.09462084028050022,0.39308082557124957,-0.3823984736356977
0.051845623952131215,0.21308863256124014,-0.36327050777557657
0.05521728460937725,0.22952200664664044,-0.3971513802491664
0.08569535011316431,0.3529577641452633,-0.38875850761499076
0.08077770490160163,0.326693168219967,-0.3643261694912565
0.06360416726782514,0.2632195262093783,-0.395705266115676
