series,model,n_months,alpha_monthly,alpha_annual,alpha_t,alpha_pval,r2,beta_Mkt-RF,t_Mkt-RF,beta_SMB,t_SMB,beta_HML,t_HML,beta_RMW,t_RMW,beta_CMA,t_CMA,beta_Mom,t_Mom
strategy_net,CAPM,89,-0.006980509177573257,-0.08376611013087908,-1.5274648714381105,0.12664545596859952,0.7283580512514352,1.243764048729867,8.857656933325051,,,,,,,,,,
strategy_net,FF3,89,-0.00436164076195546,-0.05233968914346551,-1.937456011968065,0.05268962546129449,0.9210521178132796,1.1000215748628144,22.207135320597718,0.6506236966416868,8.248656638302661,0.4628013731538155,10.46203437564732,,,,,,
strategy_net,FF5,89,-0.00438206436348275,-0.052584772361793,-2.2220411024902873,0.026280527993600568,0.9343083495771627,1.091729489873246,24.58975013817133,0.797808237070624,9.239955756704138,0.33452440339111333,5.200970754753388,0.3360267113828674,3.2519895349332257,0.12837089721802328,1.367106952294693,,
strategy_net,FF5+Mom,89,-0.002425057018021364,-0.02910068421625637,-1.4008227815714451,0.16126707434721954,0.9527457608561049,1.0233168593438215,24.198107870145638,0.6403440239260191,8.656322067924032,0.30710109626031135,5.698809268681178,0.19918066154031283,2.313049279434615,0.20734570021087995,2.4078862994540837,-0.3031917181520049,-7.134597165601206
strategy_gross,CAPM,89,-0.005240819981493243,-0.06288983977791893,-1.1459741320575934,0.2518058555505117,0.7279909701865503,1.2450521971500166,8.840136774318948,,,,,,,,,,
strategy_gross,FF3,89,-0.002623720674616989,-0.03148464809540387,-1.1620046355387645,0.24523358198886847,0.9203009609470101,1.1013884704326597,22.035868140546185,0.6502996663443152,8.245915265864861,0.4632629387833997,10.31063586607872,,,,,,
strategy_gross,FF5,89,-0.002645530024139492,-0.031746360289673904,-1.3364787608701898,0.1813928380743357,0.9335217735758692,1.0932691874999103,24.315709384629677,0.7974855177500908,9.241979117885787,0.3345117474862125,5.172780755966285,0.33568338659173136,3.1898608022230133,0.129631997028626,1.381810326880683,,
strategy_gross,FF5+Mom,89,-0.0006723889172648097,-0.008068667007177717,-0.3870298874521715,0.6987340818706147,0.9522162483716339,1.0242925565025378,24.00966302105453,0.6387231541146863,8.636338621516598,0.3068623599089379,5.687071731668824,0.19770916442849845,2.245792515055738,0.20925787608009044,2.426515569322484,-0.30569126055510304,-7.188496234844528
ew_benchmark_net,CAPM,89,-0.0038542583775442374,-0.046251100530530845,-1.2218700239478988,0.221756782857082,0.8237328178958467,1.1423069341804353,12.513104206935887,,,,,,,,,,
ew_benchmark_net,FF3,89,-0.0015060165085114237,-0.018072198102137085,-1.1716794804129098,0.2413257643549339,0.9602575657516554,1.0167451045180929,32.59877504227266,0.5624591843370457,10.733251828781254,0.2746543887563283,9.055247650294541,,,,,,
ew_benchmark_net,FF5,89,-0.0015143065600818166,-0.0181716787209818,-1.3035811206343353,0.1923764411697061,0.9664048068258154,1.011406714874735,38.9344104330004,0.6489850102028518,12.677235703235901,0.20051272995962935,4.342697889525103,0.19846996099191744,2.927704030993806,0.07208627483478505,1.1283317366203676,,
ew_benchmark_net,FF5+Mom,89,-0.0006505774139411969,-0.007806928967294363,-0.5940655735429148,0.5524682555736593,0.971220091838108,0.9812126621597942,38.66213135266354,0.5794878615679974,13.801939492740466,0.18840939794743158,5.078600983414741,0.1380726803903439,2.302089617887342,0.10694196370780303,1.7291619270896834,-0.13381427741880972,-4.237180194262316
mdy,CAPM,89,-0.0036466959801463718,-0.04376035176175646,-1.3204933677980832,0.1866703488980408,0.8456722959843593,1.0721125754067558,14.720896036282458,,,,,,,,,,
mdy,FF3,89,-0.0015456022387925887,-0.018547226865511066,-1.432136724276971,0.1521046961832837,0.9551970063790289,0.9607464714394165,34.42276449524101,0.4970918259692532,9.250269834916917,0.2043862234381392,7.683768515511779,,,,,,
mdy,FF5,89,-0.0015395916993882614,-0.018475100392659136,-1.4831963816321185,0.13802224229498536,0.957383518038419,0.9564942247852786,37.1249129143528,0.5446445594480137,10.875156346880114,0.16724734629868346,4.2703230219452735,0.11171590429810692,1.9975866402924445,0.03000841492884335,0.4133064368500263,,
mdy,FF5+Mom,89,-0.0013477400128894094,-0.016172880154672914,-1.2508156647139081,0.21100173838473824,0.9576604025552697,0.9497875159038375,34.66410180186375,0.5292078392308068,11.328563250274911,0.16455895183015715,4.17554612616639,0.09830044854430042,1.8829039839637811,0.037750567343438,0.5025477390127063,-0.029722853414245555,-0.8698087877475608
strategy_minus_ew,CAPM,89,-0.0031262508000290275,-0.03751500960034833,-1.6922661579075229,0.0905952373444973,0.08752158506886254,0.10145711454943185,1.8999729523941724,,,,,,,,,,
strategy_minus_ew,FF3,89,-0.0028556242534440368,-0.03426749104132844,-1.9652836409137096,0.04938141792460718,0.3831030246377011,0.08327647034472137,2.7419032156290988,0.08816451230464127,1.8661960065575247,0.1881469843974873,8.118109719813345,,,,,,
strategy_minus_ew,FF5,89,-0.0028677578034009316,-0.03441309364081118,-2.1396532847096243,0.03238279697487343,0.42374518982380305,0.08032277499851082,2.6501228912395915,0.1488232268677721,2.653306066775525,0.13401167343148393,3.944723395113498,0.13755675039095003,2.5555984342357685,0.056284622383238204,0.9627591616519076,,
strategy_minus_ew,FF5+Mom,89,-0.0017744796040801692,-0.02129375524896203,-1.4046405103272792,0.16012820396427951,0.5276552609961981,0.04210419718402759,1.3616552738437226,0.060856162358021756,1.0982973027787626,0.11869169831287979,3.04623067485971,0.061107981149969015,1.197553134293483,0.10040373650307696,1.6990794307244483,-0.1693774407331952,-4.887415700021573
strategy_minus_mdy,CAPM,89,-0.0033338131974268888,-0.040005758369122665,-1.3912346435168808,0.16415428514470287,0.13001281905582707,0.1716514733231118,2.2885188774867156,,,,,,,,,,
strategy_minus_mdy,FF3,89,-0.002816038523162872,-0.03379246227795446,-1.477161843192479,0.13963225927091225,0.4465671910911654,0.139275103423398,3.2896393013816243,0.1535318706724338,2.565646329415342,0.25841514971567636,7.870689035823854,,,,,,
strategy_minus_mdy,FF5,89,-0.0028424726640944864,-0.03410967196913384,-1.6680660089760608,0.0953026238992356,0.5034940924711755,0.13523526508796738,3.334228983709853,0.2531636776226104,3.310605259691414,0.16727705709242993,3.4306644291546284,0.2243108070847606,3.344370162998095,0.09836248228917996,1.1943889859172723,,
strategy_minus_mdy,FF5+Mom,89,-0.001077317005131957,-0.012927804061583486,-0.7709786951037433,0.44071955980445454,0.6440675181146512,0.07352934343998432,1.880541369828264,0.11113618469521228,1.6706989629274698,0.14254214443015412,3.4016278681819982,0.10088021299601244,1.8072456685945653,0.1695951328674418,2.1685571492694233,-0.2734688647377593,-6.238815918610575
purchases_only_1m,CAPM,89,-0.010314099137291442,-0.12376918964749731,-2.2669346289001853,0.023394219419695224,0.7163844065344178,1.2431373621706556,9.7965218559545,,,,,,,,,,
purchases_only_1m,FF3,89,-0.007581492314415796,-0.09097790777298956,-2.728689033340529,0.006358663429032619,0.8799993326266302,1.0953690631676363,20.461622958698058,0.6649318637374003,5.5590893733294715,0.3893880223798452,7.818874825880485,,,,,,
purchases_only_1m,FF5,89,-0.007381584751180235,-0.08857901701416282,-2.926787202018905,0.0034248312608114754,0.898439945696057,1.0588273868922742,20.078123648685917,0.8224225090584846,7.473852179306174,0.3278456565536618,5.017724195449143,0.41498437156942547,3.759602897581177,-0.06429766343027926,-0.5471798164919327,,
purchases_only_1m,FF5+Mom,89,-0.006645070084163143,-0.07974084100995771,-2.8019191711239246,0.005079959953314534,0.9010110328027792,1.0330804698400924,18.227656330956986,0.763161258567944,6.2643354263839806,0.3175249656442603,4.937044863046083,0.3634827136599347,2.8330945034926587,-0.03457570001308807,-0.28089909655026907,-0.11410542114456854,-1.4594801922272012
sales_only_1m,CAPM,89,-0.006962805365000546,-0.08355366438000655,-2.9721515524148936,0.0029572067142605214,0.8552667474575437,1.1141819445042036,14.120774873941091,,,,,,,,,,
sales_only_1m,FF3,89,-0.004541464339146054,-0.054497572069752656,-2.908465616839149,0.003632071137748923,0.9418346216993957,0.9890575454341546,23.93901495667678,0.5526235186401542,9.6791108130349,0.09988343478301724,3.0141859643939575,,,,,,
sales_only_1m,FF5,89,-0.004500072507717803,-0.05400087009261363,-2.9629460643997176,0.003047099559608573,0.9442855391950229,0.9802459090753426,23.588339971695905,0.6021435740734729,8.6397942093352,0.07320353468038057,1.4272912783879876,0.12511903226389737,1.5854642456782846,-0.0006977451231839349,-0.009964196485327174,,
sales_only_1m,FF5+Mom,89,-0.004424732327522058,-0.05309678793026469,-2.733068543744522,0.006274727265959542,0.944325523427958,0.9776121836968157,26.1526942100113,0.5960815722010236,10.681488835732784,0.07214780185159442,1.3318179119182476,0.1198507811875659,1.6476801947986661,0.0023425990544442554,0.03005359662278659,-0.011672168084697204,-0.2082845606609797
purchases_only_3m,CAPM,89,-0.006004471980562959,-0.07205366376675551,-1.3521143521009382,0.17633873674666733,0.7325732527752264,1.215192839347145,9.330453844671723,,,,,,,,,,
purchases_only_3m,FF3,89,-0.0031568332760510734,-0.03788199931261288,-1.5667759236698486,0.1171670769379721,0.9366287419078204,1.0605243327215386,26.554538860567636,0.6971996919448102,8.373294700663058,0.43445201444559806,11.076052135102241,,,,,,
purchases_only_3m,FF5,89,-0.00309034213496052,-0.03708410561952624,-1.6168395825414286,0.10591291274562761,0.9431237774377225,1.045134073572777,26.555073272519756,0.7935214589930423,9.597592944469746,0.37776974930442897,5.887885657191189,0.23986546021065444,2.4701780685937074,0.011392150325369456,0.12194341787555163,,
purchases_only_3m,FF5+Mom,89,-0.0016827931498900517,-0.02019351779868062,-0.9985501377638953,0.31801266494096414,0.953173030797303,0.9959292870445108,24.15737243840475,0.6802676207227948,9.039258032796981,0.3580459356924113,6.604280358273609,0.14144093512470207,1.6181925880554764,0.06819362532060437,0.7801753248051874,-0.2180662204238887,-5.514643782470271
sales_only_3m,CAPM,89,-0.004718681321364359,-0.05662417585637231,-1.8378088600498168,0.06609057560860306,0.859176264520246,1.1131312923031786,14.637722943971417,,,,,,,,,,
sales_only_3m,FF3,89,-0.002535870327608933,-0.030430443931307196,-1.91944766653428,0.054927703375369064,0.9555659230178306,0.998377563686821,30.88484575829012,0.510487481914302,11.29063667649826,0.17252919869876504,5.998604186294024,,,,,,
sales_only_3m,FF5,89,-0.0025332536604716557,-0.03039904392565987,-2.0497043858741963,0.04039328677342818,0.9605161955670696,0.9926078124703875,33.974831551472455,0.5843935496753642,12.241087279041292,0.11251216570945811,2.875457231615313,0.17194708268513326,2.984851205715067,0.05275404755369409,0.8813030316615532,,
sales_only_3m,FF5+Mom,89,-0.0023188861644660684,-0.02782663397359282,-1.802908148659497,0.07140264105550599,0.9608419973544633,0.9851140008933809,35.02673677499185,0.5671451682829901,13.792284058480906,0.10950825992676483,2.773960231423218,0.15695718236056536,2.9007544641016874,0.061404822832756806,0.9430513262181357,-0.0332111422986782,-0.7922446207808882
purchases_minus_sales_3m,CAPM,89,-0.0012857906591985995,-0.015429487910383195,-0.5406682819716319,0.5887362443058131,0.056651898030188774,0.10206154704396639,1.620861444523431,,,,,,,,,,
purchases_minus_sales_3m,FF3,89,-0.00062096294844214,-0.00745155538130568,-0.40351055298181754,0.686572672978799,0.4934429251035093,0.06214676903471771,1.9699476442596282,0.1867122100305085,3.016545201376107,0.2619228157468332,7.336749761100453,,,,,,
purchases_minus_sales_3m,FF5,89,-0.0005570884744888655,-0.006685061693866385,-0.3689921447584686,0.7121335798588637,0.500575746082337,0.05252626110238918,1.4592604654867647,0.2091279093176781,3.367173591652908,0.2652575835949708,5.397688134518315,0.06791837752552103,1.0696991542263141,-0.04136189722832484,-0.49195561437766655,,
purchases_minus_sales_3m,FF5+Mom,89,0.000636093014576015,0.00763311617491218,0.4545973650068094,0.6493989307950461,0.5797436761909389,0.010815286151129868,0.2769423837760176,0.11312245243980468,1.9375382446732843,0.24853767576564637,5.26212362922583,-0.015516247235863256,-0.2556512409064335,0.0067888024878476234,0.08690531254520342,-0.18485507812521051,-3.9493857245119606
