ticker,name,gics_sector,cik,cik_padded,cik_source,yahoo_ticker,current_member,member_at_study_end
AA,Alcoa,Materials,1675149,0001675149,company_tickers,AA,True,True
AAL,American Airlines Group,Industrials,6201,0000006201,company_tickers,AAL,True,True
AAON,AAON,Industrials,824142,0000824142,company_tickers,AAON,True,True
ACC,American Campus Communities,,1283630,0001283630,form4_symbol,ACC,False,False
ACHC,Acadia Healthcare,,1520697,0001520697,company_tickers,ACHC,False,False
ACI,Albertsons,Consumer Staples,1646972,0001646972,company_tickers,ACI,True,True
ACIW,ACI Worldwide,,935036,0000935036,company_tickers,ACIW,False,False
ACM,AECOM,Industrials,868857,0000868857,company_tickers,ACM,True,True
ADC,Agree Realty,Real Estate,917251,0000917251,company_tickers,ADC,True,True
ADNT,Adient,,1670541,0001670541,company_tickers,ADNT,False,False
AEIS,Advanced Energy,Information Technology,927003,0000927003,company_tickers,AEIS,True,True
AEO,American Eagle Outfitters,,919012,0000919012,company_tickers,AEO,False,False
AFG,American Financial Group,Financials,1042046,0001042046,company_tickers,AFG,True,True
AGCO,AGCO,Industrials,880266,0000880266,company_tickers,AGCO,True,True
AHL,Aspen Insurance Holdings,,1267395,0001267395,form4_symbol,AHL,False,False
AHR,American Healthcare REIT,Real Estate,1632970,0001632970,company_tickers,AHR,True,True
AIRC,Apartment Income REIT,,1820877,0001820877,form4_symbol,AIRC,False,False
AIT,Applied Industrial Technologies,Industrials,109563,0000109563,company_tickers,AIT,True,True
ALE,"Allete, Inc.",,66756,0000066756,form4_symbol,ALE,False,False
ALEX,Alexander & Baldwin,,1545654,0001545654,form4_symbol,ALEX,False,False
ALGM,Allegro MicroSystems,Information Technology,866291,0000866291,company_tickers,ALGM,True,True
ALK,Alaska Air Group,Industrials,766421,0000766421,company_tickers,ALK,True,True
ALLY,Ally Financial,Financials,40729,0000040729,company_tickers,ALLY,True,True
ALSN,Allison Transmission,Industrials,1411207,0001411207,company_tickers,ALSN,True,True
ALTM,Arcadium Lithium,,1977303,0001977303,form4_symbol,ALTM,False,False
ALTR,Altair Engineering,,1701732,0001701732,form4_symbol,ALTR,False,False
ALV,Autoliv,Consumer Discretionary,1034670,0001034670,company_tickers,ALV,True,True
AM,Antero Midstream,Energy,1623925,0001623925,company_tickers,AM,True,True
AMCX,AMC Networks,,1514991,0001514991,cik_overrides,AMCX,False,False
AMED,Amedisys,,896262,0000896262,form4_symbol,AMED,False,False
AMG,Affiliated Managers Group,Financials,1004434,0001004434,company_tickers,AMG,True,True
AMH,American Homes 4 Rent,Real Estate,1562401,0001562401,company_tickers,AMH,True,True
AMKR,Amkor Technology,Information Technology,1047127,0001047127,company_tickers,AMKR,True,True
AN,AutoNation,Consumer Discretionary,350698,0000350698,company_tickers,AN,True,True
ANF,Abercrombie & Fitch,Consumer Discretionary,1018840,0001018840,company_tickers,ANF,True,True
APG,APi Group,Industrials,1796209,0001796209,company_tickers,APG,True,True
APPF,AppFolio,Information Technology,1433195,0001433195,company_tickers,APPF,True,True
APPS,Digital Turbine,,317788,0000317788,company_tickers,APPS,False,False
AR,Antero Resources,Energy,1433270,0001433270,company_tickers,AR,True,True
ARMK,Aramark,Consumer Discretionary,1584509,0001584509,company_tickers,ARMK,True,True
ARRS,Arris International,,1645494,0001645494,form4_symbol,ARRS,False,False
ARW,Arrow Electronics,Information Technology,7536,0000007536,company_tickers,ARW,True,True
ARWR,Arrowhead Pharmaceuticals,Health Care,879407,0000879407,company_tickers,ARWR,True,True
ASB,Associated Bank,Financials,7789,0000007789,company_tickers,ASB,True,True
ASGN,ASGN Inc.,,890564,0000890564,form4_symbol,ASGN,False,False
ASH,Ashland Global,Materials,1674862,0001674862,company_tickers,ASH,True,True
ATGE,Adtalem Global Education,,730464,0000730464,form4_symbol,ATGE,False,False
ATI,ATI Inc.,Industrials,1018963,0001018963,company_tickers,ATI,True,True
ATR,AptarGroup,Materials,896622,0000896622,company_tickers,ATR,True,True
AVAV,AeroVironment,Industrials,1368622,0001368622,company_tickers,AVAV,True,True
AVNS,Avanos Medical,,1606498,0001606498,form4_symbol,AVNS,False,False
AVNT,Avient,Materials,1122976,0001122976,company_tickers,AVNT,True,True
AVT,Avnet,Information Technology,8858,0000008858,company_tickers,AVT,True,True
AVTR,Avantor,Health Care,1722482,0001722482,company_tickers,AVTR,True,True
AXON,Axon Enterprise,,1069183,0001069183,company_tickers,AXON,False,False
AXTA,Axalta,Materials,1616862,0001616862,company_tickers,AXTA,True,True
AYI,Acuity Brands,Industrials,1144215,0001144215,company_tickers,AYI,True,True
AZPN,Aspen Technology,,1897982,0001897982,form4_symbol,AZPN,False,False
AZTA,Azenta,,933974,0000933974,company_tickers,AZTA,False,False
BAH,Booz Allen Hamilton,Industrials,1443646,0001443646,company_tickers,BAH,True,True
BBBY,Bed Bath & Beyond,,886158,0000886158,form4_symbol,BBBY,False,False
BBWI,"Bath & Body Works, Inc.",Consumer Discretionary,701985,0000701985,company_tickers,BBWI,True,True
BC,Brunswick,Consumer Discretionary,14930,0000014930,company_tickers,BC,True,True
BCO,Brink's,Industrials,78890,0000078890,company_tickers,BCO,True,True
BDC,Belden Inc.,Information Technology,913142,0000913142,company_tickers,BDC,True,True
BERY,Berry Global,,1378992,0001378992,form4_symbol,BERY,False,False
BFH,Bread Financial,,1101215,0001101215,company_tickers,BFH,False,False
BHF,Brighthouse Financial,Financials,1685040,0001685040,company_tickers,BHF,True,True
BID,Sotheby's,,823094,0000823094,form4_symbol,BID,False,False
BIG,Big Lots,,768835,0000768835,form4_symbol,BIG,False,False
BILL,Bill Holdings,Information Technology,1786352,0001786352,company_tickers,BILL,True,True
BIO,Bio-Rad Laboratories,Health Care,12208,0000012208,company_tickers,BIO,True,True
BJ,BJ's Wholesale Club,Consumer Staples,1531152,0001531152,company_tickers,BJ,True,True
BKH,Black Hills Corporation,Utilities,1130464,0001130464,company_tickers,BKH,True,True
BLD,TopBuild Corp.,,1633931,0001633931,form4_symbol,BLD,False,False
BLDR,Builders FirstSource,,1316835,0001316835,company_tickers,BLDR,False,False
BLKB,Blackbaud,,1280058,0001280058,company_tickers,BLKB,False,False
BMRN,BioMarin Pharmaceutical,Health Care,1048477,0001048477,company_tickers,BMRN,True,True
BMS,Bemis Company,,11199,0000011199,form4_symbol,BMS,False,False
BOH,Bank of Hawaii,,46195,0000046195,company_tickers,BOH,False,False
BRBR,BellRing Brands,,1772016,0001772016,company_tickers,BRBR,False,False
BRKR,Bruker,Health Care,1109354,0001109354,company_tickers,BRKR,True,True
BRO,Brown & Brown,,79282,0000079282,company_tickers,BRO,False,False
BROS,Dutch Bros Inc.,Consumer Discretionary,1866581,0001866581,company_tickers,BROS,True,True
BRX,Brixmor Property Group,Real Estate,1581068,0001581068,company_tickers,BRX,True,True
BSY,Bentley Systems,Information Technology,1031308,0001031308,company_tickers,BSY,True,True
BTSG,BrightSpring Health Services,Health Care,1865782,0001865782,company_tickers,BTSG,True,True
BURL,Burlington Stores,Consumer Discretionary,1579298,0001579298,company_tickers,BURL,True,True
BWA,BorgWarner,Consumer Discretionary,908255,0000908255,company_tickers,BWA,True,True
BWXT,BWX Technologies,Industrials,1486957,0001486957,company_tickers,BWXT,True,True
BYD,Boyd Gaming,Consumer Discretionary,906553,0000906553,company_tickers,BYD,True,True
CABO,Cable One,,1632127,0001632127,company_tickers,CABO,False,False
CACI,CACI International,Industrials,16058,0000016058,company_tickers,CACI,True,True
CADE,Cadence Bank,,1614184,0001614184,form4_symbol,CADE,False,False
CAKE,Cheesecake Factory,,887596,0000887596,company_tickers,CAKE,False,False
CALX,Calix,,1406666,0001406666,company_tickers,CALX,False,False
CAR,Avis Budget Group,Industrials,723612,0000723612,company_tickers,CAR,True,True
CARS,Cars.com,,1683606,0001683606,company_tickers,CARS,False,False
CART,Maplebear Inc.,Consumer Staples,1579091,0001579091,company_tickers,CART,True,True
CASY,Casey's,,726958,0000726958,company_tickers,CASY,False,False
CATY,Cathay Bank,,861842,0000861842,company_tickers,CATY,False,False
CAVA,Cava Group,Consumer Discretionary,1639438,0001639438,company_tickers,CAVA,True,True
CBRL,Cracker Barrel,,1067294,0001067294,company_tickers,CBRL,False,False
CBSH,Commerce Bancshares,Financials,22356,0000022356,company_tickers,CBSH,True,True
CBT,Cabot Corp,Materials,16040,0000016040,company_tickers,CBT,True,True
CC,Chemours,,1627223,0001627223,company_tickers,CC,False,False
CCK,Crown Holdings,Materials,1219601,0001219601,company_tickers,CCK,True,True
CCMP,CMC Materials,,1102934,0001102934,cik_overrides,CCMP,False,False
CDAY,Ceridian,,1725057,0001725057,form4_symbol,CDAY,False,False
CDE,Coeur Mining,Materials,215466,0000215466,company_tickers,CDE,True,True
CDK,CDK Global,,1609702,0001609702,form4_symbol,CDK,False,False
CDP,COPT Defense Properties,Real Estate,860546,0000860546,company_tickers,CDP,True,True
CELH,Celsius Holdings,Consumer Staples,1341766,0001341766,company_tickers,CELH,True,True
CFR,Frost Bank,Financials,39263,0000039263,company_tickers,CFR,True,True
CG,Carlyle Group (The),Financials,1527166,0001527166,company_tickers,CG,True,True
CGNX,Cognex,Information Technology,851205,0000851205,company_tickers,CGNX,True,True
CHDN,Churchill Downs Inc.,Consumer Discretionary,20212,0000020212,company_tickers,CHDN,True,True
CHE,Chemed Corp.,Health Care,19584,0000019584,company_tickers,CHE,True,True
CHFC,Chemical Financial,,19612,0000019612,form4_symbol,CHFC,False,False
CHH,Choice Hotels,Consumer Discretionary,1046311,0001046311,company_tickers,CHH,True,True
CHRD,Chord Energy,Energy,1486159,0001486159,company_tickers,CHRD,True,True
CHWY,Chewy,Consumer Discretionary,1766502,0001766502,company_tickers,CHWY,True,True
CHX,ChampionX,,1723089,0001723089,form4_symbol,CHX,False,False
CIEN,Ciena,,936395,0000936395,company_tickers,CIEN,False,False
CIT,CIT Group,,1171825,0001171825,form4_symbol,CIT,False,False
CIVI,Civitas Resources,,1509589,0001509589,form4_symbol,CIVI,False,False
CLB,Core Laboratories,,1958086,0001958086,company_tickers,CLB,False,False
CLF,Cleveland-Cliffs,Materials,764065,0000764065,company_tickers,CLF,True,True
CLGX,CoreLogic,,36047,0000036047,form4_symbol,CLGX,False,False
CLH,Clean Harbors,Industrials,822818,0000822818,company_tickers,CLH,True,True
CLI,Mack-Cali Realty,,924901,0000924901,form4_symbol,CLI,False,False
CMA,Comerica,,28412,0000028412,form4_symbol,CMA,False,False
CMC,Commercial Metals,Materials,22444,0000022444,company_tickers,CMC,True,True
CMD,Cantel Medical Corporation,,19446,0000019446,form4_symbol,CMD,False,False
CMP,Compass Minerals,,1227654,0001227654,company_tickers,CMP,False,False
CNH,CNH Industrial,Industrials,1567094,0001567094,company_tickers,CNH,True,True
CNK,Cinemark Holdings,,1385280,0001385280,company_tickers,CNK,False,False
CNM,Core & Main,Industrials,1856525,0001856525,company_tickers,CNM,True,True
CNO,CNO Financial Group,Financials,1224608,0001224608,company_tickers,CNO,True,True
CNX,CNX Resources,Energy,1070412,0001070412,company_tickers,CNX,True,True
CNXC,Concentrix,,1803599,0001803599,company_tickers,CNXC,False,False
COHR,Coherent Corp.,,820318,0000820318,company_tickers,COHR,False,False
COHR~2022,Coherent,,21510,0000021510,form4_symbol,,False,False
COKE,Coca-Cola Consolidated,Consumer Staples,317540,0000317540,company_tickers,COKE,True,True
COLB,Columbia Banking System,Financials,887343,0000887343,company_tickers,COLB,True,True
COLM,Columbia Sportswear,Consumer Discretionary,1050797,0001050797,company_tickers,COLM,True,True
CONE,CyrusOne,,1553023,0001553023,form4_symbol,CONE,False,False
COR,CoreSite,,1490892,0001490892,form4_symbol,COR,False,False
COTY,Coty,,1024305,0001024305,company_tickers,COTY,False,False
CPE,Callon Petroleum,,928022,0000928022,form4_symbol,CPE,False,False
CPRI,Capri Holdings,,1530721,0001530721,company_tickers,CPRI,False,True
CPT,Camden,,906345,0000906345,company_tickers,CPT,False,False
CR,Crane,Industrials,1944013,0001944013,company_tickers,CR,True,True
CRBG,Corebridge Financial,Financials,1889539,0001889539,company_tickers,CRBG,True,True
CRI,Carter's,,1060822,0001060822,company_tickers,CRI,False,False
CRL,Charles River Laboratories,,1100682,0001100682,company_tickers,CRL,False,False
CRNC,Cerence,,1768267,0001768267,company_tickers,CRNC,False,False
CROX,Crocs,Consumer Discretionary,1334036,0001334036,company_tickers,CROX,True,True
CRS,Carpenter Technology,Industrials,17843,0000017843,company_tickers,CRS,True,True
CRUS,Cirrus Logic,Information Technology,772406,0000772406,company_tickers,CRUS,True,True
CSL,Carlisle Companies,Industrials,790051,0000790051,company_tickers,CSL,True,True
CTLT,Catalent,,1596783,0001596783,form4_symbol,CTLT,False,False
CTRE,CareTrust REIT,Real Estate,1590717,0001590717,company_tickers,CTRE,True,True
CUBE,CubeSmart,Real Estate,1298675,0001298675,company_tickers,CUBE,True,True
CUZ,Cousins Properties,Real Estate,25232,0000025232,company_tickers,CUZ,True,True
CVET,Covetrus,,1752836,0001752836,form4_symbol,CVET,False,False
CVG,Convergys,,1062047,0001062047,form4_symbol,CVG,False,False
CVLT,CommVault Systems,Information Technology,1169561,0001169561,company_tickers,CVLT,True,True
CW,Curtiss-Wright,Industrials,26324,0000026324,company_tickers,CW,True,True
CXT,Crane NXT,Information Technology,25445,0000025445,company_tickers,CXT,True,True
CXW,CoreCivic,,1070985,0001070985,company_tickers,CXW,False,False
CY,Cypress Semiconductor,,791915,0000791915,form4_symbol,CY,False,False
CYTK,Cytokinetics,Health Care,1061983,0001061983,company_tickers,CYTK,True,True
CZR,Caesars Entertainment,,1590895,0001590895,company_tickers,CZR,False,False
CZR~2020,Caesars Entertainment,,858339,0000858339,form4_symbol,,False,False
DAN,Dana Incorporated,,26780,0000026780,company_tickers,DAN,False,False
DAR,Darling Ingredients,Consumer Staples,916540,0000916540,company_tickers,DAR,True,True
DBX,Dropbox,Information Technology,1467623,0001467623,company_tickers,DBX,True,True
DCI,Donaldson Company,Industrials,29644,0000029644,company_tickers,DCI,True,True
DCT,DCT Industrial Trust,,1170991,0001170991,form4_symbol,DCT,False,False
DDS,Dillard's,,28917,0000028917,company_tickers,DDS,False,False
DECK,Deckers Brands,,910521,0000910521,company_tickers,DECK,False,False
DEI,Douglas Emmett,,1364250,0001364250,company_tickers,DEI,False,False
DHC,Diversified Healthcare Trust,,1075415,0001075415,company_tickers,DHC,False,False
DINO,HF Sinclair,Energy,1915657,0001915657,company_tickers,DINO,True,True
DKS,Dick's Sporting Goods,Consumer Discretionary,1089063,0001089063,company_tickers,DKS,True,True
DLB,Dolby,Information Technology,1308547,0001308547,company_tickers,DLB,True,True
DLPH,Delphi Technologies,,1707092,0001707092,form4_symbol,DLPH,False,False
DLX,Deluxe Corporation,,27996,0000027996,company_tickers,DLX,False,False
DNB,Dun & Bradstreet Corp,,1115222,0001115222,form4_symbol,DNB,False,False
DNKN,Dunkin' Brands,,1357204,0001357204,form4_symbol,DNKN,False,False
DNOW,DNOW Inc.,,1599617,0001599617,company_tickers,DNOW,False,False
DO,Diamond Offshore Drilling,,949039,0000949039,form4_symbol,DO,False,False
DOC,Physicians Realty Trust,,1574540,0001574540,form4_symbol,DOC,False,False
DOCN,DigitalOcean,Information Technology,1582961,0001582961,company_tickers,DOCN,True,True
DOCS,Doximity,Health Care,1516513,0001516513,company_tickers,DOCS,True,True
DOCU,Docusign,Information Technology,1261333,0001261333,company_tickers,DOCU,True,True
DPZ,Domino's Pizza,,1286681,0001286681,company_tickers,DPZ,False,False
DRQ,Dril-Quip,,1042893,0001042893,form4_symbol,DRQ,False,False
DT,Dynatrace,Information Technology,1773383,0001773383,company_tickers,DT,True,True
DTM,DT Midstream,Energy,1842022,0001842022,company_tickers,DTM,True,True
DUOL,Duolingo,Consumer Discretionary,1562088,0001562088,company_tickers,DUOL,True,True
DY,Dycom Industries,Industrials,67215,0000067215,company_tickers,DY,True,True
EAT,Brinker International,Consumer Discretionary,703351,0000703351,company_tickers,EAT,True,False
EBS,Emergent BioSolutions,,1367644,0001367644,company_tickers,EBS,False,False
EDR,Education Realty Trust,,1302343,0001302343,form4_symbol,EDR,False,False
EEFT,Euronet Worldwide,Financials,1029199,0001029199,company_tickers,EEFT,True,True
EGN,Energen,,277595,0000277595,form4_symbol,EGN,False,False
EGP,EastGroup Properties,Real Estate,49600,0000049600,company_tickers,EGP,True,True
EHC,Encompass Health,Health Care,785161,0000785161,company_tickers,EHC,True,True
ELAN,Elanco,Health Care,1739104,0001739104,company_tickers,ELAN,True,True
ELF,e.l.f. Beauty,Consumer Staples,1600033,0001600033,company_tickers,ELF,True,True
ELS,Equity Lifestyle Properties,Real Estate,895417,0000895417,company_tickers,ELS,True,True
EME,Emcor,,105634,0000105634,company_tickers,EME,False,False
ENOV,Enovis,,1420800,0001420800,company_tickers,ENOV,False,False
ENPH,Enphase Energy,,1463101,0001463101,company_tickers,ENPH,False,False
ENR,Energizer,,1632790,0001632790,company_tickers,ENR,False,False
ENS,EnerSys,Industrials,1289308,0001289308,company_tickers,ENS,True,True
ENSG,Ensign Group,Health Care,1125376,0001125376,company_tickers,ENSG,True,True
ENTG,Entegris,Information Technology,1101302,0001101302,company_tickers,ENTG,True,True
ENV,Envestnet,,1337619,0001337619,form4_symbol,ENV,False,False
EPC,Edgewell Personal Care,,1096752,0001096752,company_tickers,EPC,False,False
EPR,EPR Properties,Real Estate,1045450,0001045450,company_tickers,EPR,True,True
EQH,Equitable Holdings,Financials,1333986,0001333986,company_tickers,EQH,True,True
EQT,EQT Corporation,,33213,0000033213,company_tickers,EQT,False,False
ERIE,Erie Indemnity,,922621,0000922621,company_tickers,ERIE,False,False
ESAB,ESAB,Industrials,1877322,0001877322,company_tickers,ESAB,True,True
ESL,Esterline Technologies,,33619,0000033619,form4_symbol,ESL,False,False
ESNT,Essent Group Ltd.,Financials,1448893,0001448893,company_tickers,ESNT,True,True
ETRN,Equitrans Midstream,,1747009,0001747009,form4_symbol,ETRN,False,False
ETSY,Etsy,,1370637,0001370637,company_tickers,ETSY,False,False
EV,Eaton Vance,,350797,0000350797,form4_symbol,EV,False,False
EVR,Evercore,Financials,1360901,0001360901,company_tickers,EVR,True,True
EWBC,East West Bancorp,Financials,1069157,0001069157,company_tickers,EWBC,True,True
EXE,Expand Energy,,895126,0000895126,company_tickers,EXE,False,False
EXEL,Exelixis,Health Care,939767,0000939767,company_tickers,EXEL,True,True
EXLS,EXL Service,Industrials,1297989,0001297989,company_tickers,EXLS,True,True
EXP,Eagle Materials,Materials,918646,0000918646,company_tickers,EXP,True,True
EXPO,"Exponent, Inc.",Industrials,851520,0000851520,company_tickers,EXPO,True,True
FAF,First American Financial Corporation,Financials,1472787,0001472787,company_tickers,FAF,True,True
FBIN,Fortune Brands Innovations,Industrials,1519751,0001519751,company_tickers,FBIN,True,True
FCFS,FirstCash,Financials,840489,0000840489,company_tickers,FCFS,True,True
FCN,FTI Consulting,Industrials,887936,0000887936,company_tickers,FCN,True,True
FDS,FactSet,,1013237,0001013237,company_tickers,FDS,False,False
FFIN,First Financial Bankshares,Financials,36029,0000036029,company_tickers,FFIN,True,True
FHI,Federated Hermes,Financials,1056288,0001056288,company_tickers,FHI,True,True
FHN,First Horizon,Financials,36966,0000036966,company_tickers,FHN,True,True
FICO,Fair Isaac,,814547,0000814547,company_tickers,FICO,False,False
FIVE,Five Below,Consumer Discretionary,1177609,0001177609,company_tickers,FIVE,True,True
FIX,Comfort Systems USA,,1035983,0001035983,company_tickers,FIX,False,False
FL,Foot Locker,,850209,0000850209,form4_symbol,FL,False,False
FLEX,Flex Ltd.,,866374,0000866374,company_tickers,FLEX,False,False
FLG,Flagstar Bank,Financials,910073,0000910073,company_tickers,FLG,True,True
FLO,Flowers Foods,,1128928,0001128928,company_tickers,FLO,False,False
FLR,Fluor,Industrials,1124198,0001124198,company_tickers,FLR,True,True
FLS,Flowserve,Industrials,30625,0000030625,company_tickers,FLS,True,True
FN,Fabrinet,Information Technology,1408710,0001408710,company_tickers,FN,True,True
FNB,FNB Corporation,Financials,37808,0000037808,company_tickers,FNB,True,True
FND,Floor & Decor,Consumer Discretionary,1507079,0001507079,company_tickers,FND,True,True
FNF,Fidelity National Financial,Financials,1331875,0001331875,company_tickers,FNF,True,True
FOUR,Shift4,Financials,1794669,0001794669,company_tickers,FOUR,True,True
FOXF,Fox Factory,,1424929,0001424929,company_tickers,FOXF,False,False
FR,First Industrial Realty Trust,Real Estate,921825,0000921825,company_tickers,FR,True,True
FSLR,First Solar,,1274494,0001274494,company_tickers,FSLR,False,False
FTI,TechnipFMC,Energy,1681459,0001681459,company_tickers,FTI,True,True
FTNT,Fortinet,,1262039,0001262039,company_tickers,FTNT,False,False
FULT,Fulton Financial Corporation,,700564,0000700564,company_tickers,FULT,False,False
FYBR,Frontier Communications,,20520,0000020520,form4_symbol,FYBR,False,False
G,Genpact,Industrials,1398659,0001398659,company_tickers,G,True,True
GAP,Gap Inc.,Consumer Discretionary,39911,0000039911,company_tickers,GAP,True,True
GATX,GATX,Industrials,40211,0000040211,company_tickers,GATX,True,True
GBCI,Glacier Bancorp,Financials,868671,0000868671,company_tickers,GBCI,True,True
GDDY,GoDaddy,,1609711,0001609711,company_tickers,GDDY,False,False
GDOT,Green Dot Corp,,1386278,0001386278,company_tickers,GDOT,False,False
GEF,"Greif, Inc.",Materials,43920,0000043920,company_tickers,GEF,True,True
GEO,GEO Group,,923796,0000923796,company_tickers,GEO,False,False
GGG,Graco Inc.,Industrials,42888,0000042888,company_tickers,GGG,True,True
GHC,Graham Holdings,Consumer Discretionary,104889,0000104889,company_tickers,GHC,True,True
GLPI,Gaming and Leisure Properties,Real Estate,1575965,0001575965,company_tickers,GLPI,True,True
GME,GameStop,Consumer Discretionary,1326380,0001326380,company_tickers,GME,True,True
GMED,Globus Medical,Health Care,1237831,0001237831,company_tickers,GMED,True,True
GNRC,Generac Holdings,,1474735,0001474735,company_tickers,GNRC,False,False
GNTX,Gentex,Consumer Discretionary,355811,0000355811,company_tickers,GNTX,True,True
GNW,Genworth Financial,,1276520,0001276520,company_tickers,GNW,False,False
GO,Grocery Outlet,,1771515,0001771515,company_tickers,GO,False,False
GPK,Graphic Packaging,Materials,1408075,0001408075,company_tickers,GPK,True,True
GPOR,Gulfport Energy Corp,,874499,0000874499,company_tickers,GPOR,False,False
GRUB,Grubhub,,1594109,0001594109,form4_symbol,GRUB,False,False
GT,Goodyear Tire & Rubber,,42582,0000042582,company_tickers,GT,False,False
GTLS,Chart Industries,,892553,0000892553,form4_symbol,GTLS,False,False
GTM,ZoomInfo,,1794515,0001794515,company_tickers,GTM,False,False
GVA,Granite Construction,,861459,0000861459,company_tickers,GVA,False,False
GWR,Genesee & Wyoming,,1012620,0001012620,form4_symbol,GWR,False,False
GWRE,Guidewire Software,Information Technology,1528396,0001528396,company_tickers,GWRE,True,True
GXO,GXO Logistics,Industrials,1852244,0001852244,company_tickers,GXO,True,True
H,Hyatt,Consumer Discretionary,1468174,0001468174,company_tickers,H,True,True
HAE,Haemonetics,Health Care,313143,0000313143,company_tickers,HAE,True,True
HAIN,Hain Celestial Group,,910406,0000910406,company_tickers,HAIN,False,False
HALO,Halozyme,Health Care,1159036,0001159036,company_tickers,HALO,True,True
HBI,Hanesbrands,,1359841,0001359841,form4_symbol,HBI,False,False
HCSG,Healthcare Services Group,,731012,0000731012,company_tickers,HCSG,False,False
HE,Hawaiian Electric Industries,,354707,0000354707,company_tickers,HE,False,False
HELE,Helen of Troy Limited,,916789,0000916789,company_tickers,HELE,False,False
HGV,Hilton Grand Vacations,Consumer Discretionary,1674168,0001674168,company_tickers,HGV,True,True
HIMS,Hims & Hers Health,Health Care,1773751,0001773751,company_tickers,HIMS,True,True
HIW,Highwoods Properties,,921082,0000921082,company_tickers,HIW,False,False
HL,Hecla Mining,Materials,719413,0000719413,company_tickers,HL,True,True
HLI,Houlihan Lokey,Financials,1302215,0001302215,company_tickers,HLI,True,True
HLNE,Hamilton Lane,Financials,1433642,0001433642,company_tickers,HLNE,True,True
HNI,HNI Corporation,,48287,0000048287,company_tickers,HNI,False,False
HOG,Harley-Davidson,Consumer Discretionary,793952,0000793952,company_tickers,HOG,True,True
HOMB,Home BancShares,Financials,1331520,0001331520,company_tickers,HOMB,True,True
HPP,Hudson Pacific Properties,,1482512,0001482512,company_tickers,HPP,False,False
HQY,HealthEquity,Health Care,1428336,0001428336,company_tickers,HQY,True,True
HR,Healthcare Realty Trust,Real Estate,1360604,0001360604,company_tickers,HR,True,True
HRB,H&R Block,Consumer Discretionary,12659,0000012659,company_tickers,HRB,True,True
HRC,Hillrom,,47518,0000047518,form4_symbol,HRC,False,False
HR~2022,Healthcare Realty Trust,,899749,0000899749,form4_symbol,,False,False
HTZ,Hertz,,1657853,0001657853,company_tickers,HTZ,False,False
HUBB,Hubbell Incorporated,,48898,0000048898,company_tickers,HUBB,False,False
HWC,Hancock Whitney,Financials,750577,0000750577,company_tickers,HWC,True,True
HXL,Hexcel,Industrials,717605,0000717605,company_tickers,HXL,True,True
IAA,"IAA, Inc.",,1745041,0001745041,form4_symbol,IAA,False,False
IART,Integra LifeSciences,,917520,0000917520,company_tickers,IART,False,False
IBKR,Interactive Brokers,,1381197,0001381197,company_tickers,IBKR,False,False
IBOC,Intl Bancshares Corp,Financials,315709,0000315709,company_tickers,IBOC,True,True
ICUI,ICU Medical,,883984,0000883984,company_tickers,ICUI,False,False
IDA,Idacorp,Utilities,1057877,0001057877,company_tickers,IDA,True,True
IDCC,InterDigital,Information Technology,1405495,0001405495,company_tickers,IDCC,True,True
IDTI,Integrated Device Technology,,703361,0000703361,form4_symbol,IDTI,False,False
IESC,IES Holdings,Industrials,1048268,0001048268,company_tickers,IESC,True,True
IEX,IDEX Corp.,,832101,0000832101,company_tickers,IEX,False,False
ILG,"ILG, Inc.",,1434620,0001434620,form4_symbol,ILG,False,False
ILMN,"Illumina, Inc.",,1110803,0001110803,company_tickers,ILMN,False,True
INGN,Inogen,,1294133,0001294133,company_tickers,INGN,False,False
INGR,Ingredion,Consumer Staples,1046257,0001046257,company_tickers,INGR,True,True
INT,World Fuel Services,,789460,0000789460,form4_symbol,INT,False,False
IPGP,IPG Photonics,Information Technology,1111928,0001111928,company_tickers,IPGP,True,True
IRDM,Iridium Communications,,1418819,0001418819,company_tickers,IRDM,False,False
IRT,Independence Realty Trust,Real Estate,1466085,0001466085,company_tickers,IRT,True,True
ISCA,International Speedway,,51548,0000051548,form4_symbol,ISCA,False,False
ITT,ITT Inc.,Industrials,216228,0000216228,company_tickers,ITT,True,True
JACK,Jack in the Box,,807882,0000807882,company_tickers,JACK,False,False
JAZZ,Jazz Pharmaceuticals,Health Care,1232524,0001232524,company_tickers,JAZZ,True,True
JBGS,JBG Smith,,1689796,0001689796,company_tickers,JBGS,False,False
JBL,Jabil,,898293,0000898293,company_tickers,JBL,False,False
JBLU,JetBlue,,1158463,0001158463,company_tickers,JBLU,False,False
JEF,Jefferies,Financials,96223,0000096223,company_tickers,JEF,True,True
JHG,Janus Henderson,,1274173,0001274173,form4_symbol,JHG,False,False
JKHY,Jack Henry & Associates,,779152,0000779152,company_tickers,JKHY,False,False
JLL,Jones Lang LaSalle,Real Estate,1037976,0001037976,company_tickers,JLL,True,True
JWN,Nordstrom,,72333,0000072333,form4_symbol,JWN,False,False
KAR,KAR Auction Services,,1395942,0001395942,form4_symbol,KAR,False,False
KBH,KB Home,Consumer Discretionary,795266,0000795266,company_tickers,KBH,True,True
KBR,"KBR, Inc.",Industrials,1357615,0001357615,company_tickers,KBR,True,True
KD,Kyndryl,Information Technology,1867072,0001867072,company_tickers,KD,True,True
KEX,Kirby Corporation,Industrials,56047,0000056047,company_tickers,KEX,True,True
KEYS,Keysight Technologies,,1601046,0001601046,company_tickers,KEYS,False,False
KLXI,KLX Inc.,,1617898,0001617898,form4_symbol,KLXI,False,False
KMPR,Kemper Corporation,,860748,0000860748,company_tickers,KMPR,False,False
KMT,Kennametal,,55242,0000055242,company_tickers,KMT,False,False
KNF,Knife River Corporation,Materials,1955520,0001955520,company_tickers,KNF,True,True
KNSL,Kinsale Capital Group,Financials,1669162,0001669162,company_tickers,KNSL,True,True
KNX,Knight-Swift,Industrials,1492691,0001492691,company_tickers,KNX,True,True
KRC,Kilroy Realty Corp,Real Estate,1025996,0001025996,company_tickers,KRC,True,True
KRG,Kite Realty Group Trust,Real Estate,1286043,0001286043,company_tickers,KRG,True,True
KRYS,Krystal Biotech,Health Care,1711279,0001711279,company_tickers,KRYS,True,True
KSS,Kohl's,,885639,0000885639,company_tickers,KSS,False,False
KTOS,Kratos Defense & Security Solutions,Industrials,1069258,0001069258,company_tickers,KTOS,True,True
LAD,Lithia Motors,Consumer Discretionary,1023128,0001023128,company_tickers,LAD,True,True
LAMR,Lamar Advertising Company,Real Estate,1090425,0001090425,company_tickers,LAMR,True,True
LDOS,Leidos Holdings,,1336920,0001336920,company_tickers,LDOS,False,False
LEA,Lear,Consumer Discretionary,842162,0000842162,company_tickers,LEA,True,True
LECO,Lincoln Electric,Industrials,59527,0000059527,company_tickers,LECO,True,True
LEG,Leggett & Platt,,58492,0000058492,form4_symbol,LEG,False,False
LFUS,Littelfuse,Information Technology,889331,0000889331,company_tickers,LFUS,True,True
LGND,Ligand Pharmaceuticals,,886163,0000886163,company_tickers,LGND,False,False
LHCG,LHC Group,,1303313,0001303313,form4_symbol,LHCG,False,False
LHO,LaSalle Hotel Properties,,1053532,0001053532,form4_symbol,LHO,False,False
LII,Lennox International,,1069202,0001069202,company_tickers,LII,False,False
LITE,Lumentum,,1633978,0001633978,company_tickers,LITE,False,False
LIVN,LivaNova,Health Care,1639691,0001639691,company_tickers,LIVN,True,True
LM,Legg Mason,,704051,0000704051,form4_symbol,LM,False,False
LNTH,Lantheus Holdings,Health Care,1521036,0001521036,company_tickers,LNTH,True,True
LNW,Light & Wonder,,750004,0000750004,form4_symbol,LNW,False,False
LOGM,LogMeIn,,1420302,0001420302,form4_symbol,LOGM,False,False
LOPE,Grand Canyon Education,Consumer Discretionary,1434588,0001434588,company_tickers,LOPE,True,True
LPNT,LifePoint Health Inc.,,1301611,0001301611,form4_symbol,LPNT,False,False
LPT,Liberty Property Trust,,921112,0000921112,form4_symbol,LPT,False,False
LPX,Louisiana-Pacific,Industrials,60519,0000060519,company_tickers,LPX,True,True
LSCC,Lattice Semiconductor,Information Technology,855658,0000855658,company_tickers,LSCC,True,True
LSI,Life Storage,,944314,0000944314,form4_symbol,LSI,False,False
LSTR,Landstar System,Industrials,853816,0000853816,company_tickers,LSTR,True,True
LW,Lamb Weston Holdings,,1679273,0001679273,company_tickers,LW,False,False
LYV,Live Nation Entertainment,,1335258,0001335258,company_tickers,LYV,False,False
M,Macy's,Consumer Discretionary,794367,0000794367,company_tickers,M,True,True
MAC,Macerich,,912242,0000912242,company_tickers,MAC,False,False
MAN,ManpowerGroup,,871763,0000871763,company_tickers,MAN,False,False
MANH,Manhattan Associates,Information Technology,1056696,0001056696,company_tickers,MANH,True,True
MASI,Masimo,,937556,0000937556,form4_symbol,MASI,False,False
MAT,Mattel,Consumer Discretionary,63276,0000063276,company_tickers,MAT,True,True
MBFI,MB Financial,,1139812,0001139812,form4_symbol,MBFI,False,False
MCY,Mercury General,,64996,0000064996,company_tickers,MCY,False,False
MD,Mednax,,893949,0000893949,cik_overrides,MD,False,False
MDP,Meredith Corp,,65011,0000065011,form4_symbol,MDP,False,False
MDR,McDermott International,,708819,0000708819,form4_symbol,MDR,False,False
MDRX,Allscripts Healthcare Solutions,,1124804,0001124804,cik_overrides,MDRX,False,False
MDSO,Medidata Solutions,,1453814,0001453814,form4_symbol,MDSO,False,False
MDU,MDU Resources,,67716,0000067716,company_tickers,MDU,False,False
MEDP,Medpace,Health Care,1668397,0001668397,company_tickers,MEDP,True,True
MIDD,Middleby,Industrials,769520,0000769520,company_tickers,MIDD,True,True
MIK,The Michaels Companies,,1593936,0001593936,form4_symbol,MIK,False,False
MIME,Mimecast,,1644675,0001644675,form4_symbol,MIME,False,False
MKSI,MKS Instruments,Information Technology,1049502,0001049502,company_tickers,MKSI,True,True
MKTX,MarketAxess,,1278021,0001278021,company_tickers,MKTX,False,False
MLI,Mueller Industries,Industrials,89439,0000089439,company_tickers,MLI,True,True
MLKN,MillerKnoll,,66382,0000066382,company_tickers,MLKN,False,False
MMS,Maximus Inc.,Industrials,1032220,0001032220,company_tickers,MMS,True,True
MNK,Mallinckrodt,,1567892,0001567892,form4_symbol,MNK,False,False
MODG,Topgolf Callaway Brands,,837465,0000837465,form4_symbol,MODG,False,False
MOG.A,Moog Inc.,Industrials,67887,0000067887,company_tickers,MOG-A,True,True
MOH,Molina Healthcare,Health Care,1179929,0001179929,company_tickers,MOH,True,True
MORN,"Morningstar, Inc.",Financials,1289419,0001289419,company_tickers,MORN,True,True
MP,MP Materials,Materials,1801368,0001801368,company_tickers,MP,True,True
MPW,Medical Properties Trust,,1287865,0001287865,form4_symbol,MPW,False,False
MPWR,Monolithic Power Systems,,1280452,0001280452,company_tickers,MPWR,False,False
MRCY,Mercury Systems,,1049521,0001049521,company_tickers,MRCY,False,False
MSA,MSA Safety,Industrials,66570,0000066570,company_tickers,MSA,True,True
MSM,MSC Industrial Direct,Industrials,1003078,0001003078,company_tickers,MSM,True,True
MTDR,Matador Resources,Energy,1520006,0001520006,company_tickers,MTDR,True,True
MTG,MGIC Investment Corporation,Financials,876437,0000876437,company_tickers,MTG,True,True
MTN,Vail Resorts,Consumer Discretionary,812011,0000812011,company_tickers,MTN,True,True
MTSI,MACOM Technology Solutions,Information Technology,1493594,0001493594,company_tickers,MTSI,True,True
MTX,Minerals Technologies,,891014,0000891014,company_tickers,MTX,False,False
MTZ,MasTec,Industrials,15615,0000015615,company_tickers,MTZ,True,True
MUR,Murphy Oil,Energy,717423,0000717423,company_tickers,MUR,True,True
MUSA,Murphy USA,Consumer Discretionary,1573516,0001573516,company_tickers,MUSA,True,True
MZTI,The Marzetti Company,Consumer Staples,57515,0000057515,company_tickers,MZTI,True,True
NARI,Inari Medical,,1531048,0001531048,form4_symbol,NARI,False,False
NATI,National Instruments,,935494,0000935494,form4_symbol,NATI,False,False
NAVI,Navient,,1593538,0001593538,company_tickers,NAVI,False,False
NBIX,Neurocrine Biosciences,Health Care,914475,0000914475,company_tickers,NBIX,True,True
NBR,Nabors Industries,,1163739,0001163739,company_tickers,NBR,False,False
NDSN,Nordson,,72331,0000072331,company_tickers,NDSN,False,False
NEOG,Neogen,,711377,0000711377,company_tickers,NEOG,False,False
NEU,NewMarket Corporation,Materials,1282637,0001282637,company_tickers,NEU,True,True
NFG,National Fuel Gas,Utilities,70145,0000070145,company_tickers,NFG,True,True
NGVT,Ingevity Corp.,,1653477,0001653477,company_tickers,NGVT,False,False
NJR,New Jersey Resources,Utilities,356309,0000356309,company_tickers,NJR,True,True
NKTR,Nektar Therapeutics,,906709,0000906709,company_tickers,NKTR,False,False
NLY,Annaly Capital Management,Financials,1043219,0001043219,company_tickers,NLY,True,True
NNN,NNN Reit,Real Estate,751364,0000751364,company_tickers,NNN,True,True
NOV,NOV Inc.,Energy,1021860,0001021860,company_tickers,NOV,True,True
NOVT,Novanta,Information Technology,1076930,0001076930,company_tickers,NOVT,True,True
NSA,National Storage Affiliates Trust,,1618563,0001618563,form4_symbol,NSA,False,False
NSP,Insperity,,1000753,0001000753,company_tickers,NSP,False,False
NTCT,NetScout Systems,,1078075,0001078075,company_tickers,NTCT,False,False
NTNX,Nutanix,Information Technology,1618732,0001618732,company_tickers,NTNX,True,True
NUS,Nu Skin Enterprises,,1021561,0001021561,company_tickers,NUS,False,False
NUVA,NuVasive,,1142596,0001142596,form4_symbol,NUVA,False,False
NVR,NVR,,906163,0000906163,company_tickers,NVR,False,False
NVST,Envista Holdings,Health Care,1757073,0001757073,company_tickers,NVST,True,True
NVT,nVent Electric plc,Industrials,1720635,0001720635,company_tickers,NVT,True,True
NWE,NorthWestern Energy,Utilities,1993004,0001993004,company_tickers,NWE,True,True
NXST,Nexstar Media Group,Communication Services,1142417,0001142417,company_tickers,NXST,True,True
NXT,Nextpower,Industrials,1852131,0001852131,company_tickers,NXT,True,True
NYT,New York Times Company,Communication Services,71691,0000071691,company_tickers,NYT,True,True
OAS,Oasis Petroleum,,1486159,0001486159,form4_symbol,OAS,False,False
OC,Owens Corning,Industrials,1370946,0001370946,company_tickers,OC,True,True
ODFL,Old Dominion Freight Line,,878927,0000878927,company_tickers,ODFL,False,False
OGE,OGE Energy,Utilities,1021635,0001021635,company_tickers,OGE,True,True
OGS,One Gas,Utilities,1587732,0001587732,company_tickers,OGS,True,True
OHI,Omega Healthcare Investors,Real Estate,888491,0000888491,company_tickers,OHI,True,True
OI,O-I Glass,,812074,0000812074,company_tickers,OI,False,False
OII,Oceaneering International,,73756,0000073756,company_tickers,OII,False,False
OKTA,"Okta, Inc.",Information Technology,1660134,0001660134,company_tickers,OKTA,True,True
OLED,Universal Display,Information Technology,1005284,0001005284,company_tickers,OLED,True,True
OLLI,Ollie's Bargain Outlet,Consumer Discretionary,1639300,0001639300,company_tickers,OLLI,True,True
OLN,Olin Corporation,Materials,74303,0000074303,company_tickers,OLN,True,True
OMCL,Omnicell,,926326,0000926326,company_tickers,OMCL,False,False
ONB,Old National Bank,Financials,707179,0000707179,company_tickers,ONB,True,True
ONTO,Onto Innovation,Information Technology,704532,0000704532,company_tickers,ONTO,True,True
OPCH,Option Care Health,Health Care,1014739,0001014739,company_tickers,OPCH,True,True
ORA,Ormat Technologies,Utilities,1296445,0001296445,company_tickers,ORA,True,True
ORI,Old Republic International,Financials,74260,0000074260,company_tickers,ORI,True,True
OSK,Oshkosh,Industrials,775158,0000775158,company_tickers,OSK,True,True
OVV,Ovintiv,Energy,1792580,0001792580,company_tickers,OVV,True,True
OZK,Bank OZK,Financials,1569650,0001569650,company_tickers,OZK,True,True
P,Everpure,,1474432,0001474432,company_tickers,P,False,True
PACW,PacWest Bancorp,,1102112,0001102112,form4_symbol,PACW,False,False
PAG,Penske Automotive Group,Consumer Discretionary,1019849,0001019849,company_tickers,PAG,True,True
PATH,UiPath,Information Technology,1734722,0001734722,company_tickers,PATH,True,True
PAY,VeriFone,,1312073,0001312073,form4_symbol,PAY,False,False
PB,Prosperity Bancshares,Financials,1068851,0001068851,company_tickers,PB,True,True
PBF,PBF Energy,Energy,1534504,0001534504,company_tickers,PBF,True,True
PBH,Prestige Brands,,1295947,0001295947,cik_overrides,PBH,False,False
PBI,Pitney Bowes,,78814,0000078814,company_tickers,PBI,False,False
PCH,PotlatchDeltic,,1338749,0001338749,form4_symbol,PCH,False,False
PCTY,Paylocity,Industrials,1591698,0001591698,company_tickers,PCTY,True,True
PDCE,PDC Energy,,77877,0000077877,form4_symbol,PDCE,False,False
PDCO,Patterson Companies,,891024,0000891024,form4_symbol,PDCO,False,False
PEB,Pebblebrook Hotel Trust,,1474098,0001474098,company_tickers,PEB,False,False
PEGA,Pegasystems,Information Technology,1013857,0001013857,company_tickers,PEGA,True,True
PEN,"Penumbra, Inc.",Health Care,1321732,0001321732,company_tickers,PEN,True,True
PENN,Penn Entertainment,,921738,0000921738,company_tickers,PENN,False,False
PFGC,Performance Food Group,Consumer Staples,1618673,0001618673,company_tickers,PFGC,True,True
PGNY,Progyny,,1551306,0001551306,company_tickers,PGNY,False,False
PII,Polaris,Consumer Discretionary,931015,0000931015,company_tickers,PII,True,True
PINS,Pinterest,Communication Services,1506293,0001506293,company_tickers,PINS,True,True
PK,Park Hotels & Resorts,Real Estate,1617406,0001617406,company_tickers,PK,True,True
PLNT,Planet Fitness,Consumer Discretionary,1637207,0001637207,company_tickers,PLNT,True,True
PLT,Plantronics,,914025,0000914025,form4_symbol,PLT,False,False
PNFP,Pinnacle Financial Partners,Financials,2082866,0002082866,company_tickers,PNFP,True,True
POOL,Pool Corporation,,945841,0000945841,company_tickers,POOL,False,False
POR,Portland General Electric,Utilities,784977,0000784977,company_tickers,POR,True,True
POST,Post Holdings,Consumer Staples,1530950,0001530950,company_tickers,POST,True,True
POWI,Power Integrations,,833640,0000833640,company_tickers,POWI,False,False
PPC,Pilgrim's Pride,Consumer Staples,802481,0000802481,company_tickers,PPC,True,True
PR,Permian Resources,Energy,1658566,0001658566,company_tickers,PR,True,True
PRAH,PRA Health Sciences,,1613859,0001613859,form4_symbol,PRAH,False,False
PRG,PROG Holdings,,1808834,0001808834,company_tickers,PRG,False,False
PRGO,Perrigo,,1585364,0001585364,company_tickers,PRGO,False,False
PRI,Primerica,Financials,1475922,0001475922,company_tickers,PRI,True,True
PRSP,Perspecta Inc.,,1724670,0001724670,form4_symbol,PRSP,False,False
PSB,PS Business Parks,,866368,0000866368,form4_symbol,PSB,False,False
PSN,Parsons Corporation,Industrials,275880,0000275880,company_tickers,PSN,True,True
PTC,PTC Inc.,,857005,0000857005,company_tickers,PTC,False,False
PTEN,Patterson-UTI Energy,,889900,0000889900,company_tickers,PTEN,False,False
PVH,PVH Corp.,Consumer Discretionary,78239,0000078239,company_tickers,PVH,True,True
PZZA,Papa John's,,901491,0000901491,company_tickers,PZZA,False,False
QDEL,QuidelOrtho,,1906324,0001906324,company_tickers,QDEL,False,False
QEP,QEP Resources,,1108827,0001108827,form4_symbol,QEP,False,False
QLYS,Qualys,Information Technology,1107843,0001107843,company_tickers,QLYS,True,True
R,Ryder,Industrials,85961,0000085961,company_tickers,R,True,True
RAMP,LiveRamp,,733269,0000733269,company_tickers,RAMP,False,False
RBA,RB Global,Industrials,1046102,0001046102,company_tickers,RBA,True,True
RBC,RBC Bearings,Industrials,1324948,0001324948,company_tickers,RBC,True,True
RCM,R1 RCM,,1910851,0001910851,form4_symbol,RCM,False,False
RDC,Rowan Companies,,85408,0000085408,form4_symbol,RDC,False,False
REXR,Rexford Industrial Realty,Real Estate,1571283,0001571283,company_tickers,REXR,True,True
REZI,Resideo Technologies,,1740332,0001740332,company_tickers,REZI,False,False
RGA,Reinsurance Group of America,Financials,898174,0000898174,company_tickers,RGA,True,True
RGEN,Repligen,Health Care,730272,0000730272,company_tickers,RGEN,True,True
RGLD,Royal Gold,Materials,85535,0000085535,company_tickers,RGLD,True,True
RH,RH,Consumer Discretionary,1528849,0001528849,company_tickers,RH,True,True
RIG,Transocean,,1451505,0001451505,company_tickers,RIG,False,False
RLGY,Realogy,,1398987,0001398987,form4_symbol,RLGY,False,False
RLI,RLI Corp.,Financials,84246,0000084246,company_tickers,RLI,True,True
RMBS,Rambus,Information Technology,917273,0000917273,company_tickers,RMBS,True,True
RNR,RenaissanceRe,Financials,913144,0000913144,company_tickers,RNR,True,True
ROIV,Roivant Sciences,Health Care,1635088,0001635088,company_tickers,ROIV,True,True
ROKU,"Roku, Inc.",Communication Services,1428439,0001428439,company_tickers,ROKU,True,True
RPM,RPM International,Materials,110621,0000110621,company_tickers,RPM,True,True
RRC,Range Resources,Energy,315852,0000315852,company_tickers,RRC,True,True
RRX,Regal Rexnord,Industrials,82811,0000082811,company_tickers,RRX,True,True
RS,"Reliance, Inc.",Materials,861884,0000861884,company_tickers,RS,True,True
RUN,Sunrun,,1469367,0001469367,company_tickers,RUN,False,False
RXO,RXO,,1929561,0001929561,company_tickers,RXO,False,False
RYAN,Ryan Specialty,Financials,1849253,0001849253,company_tickers,RYAN,True,True
RYN,Rayonier,Real Estate,52827,0000052827,company_tickers,RYN,True,True
SABR,Sabre,,1597033,0001597033,company_tickers,SABR,False,False
SAFM,Sanderson Farms,,812128,0000812128,form4_symbol,SAFM,False,False
SAIA,Saia,Industrials,1177702,0001177702,company_tickers,SAIA,True,True
SAIC,Science Applications Intl Corp,Industrials,1571123,0001571123,company_tickers,SAIC,True,True
SAIL,SailPoint Technologies,,2030781,0002030781,company_tickers,SAIL,False,False
SAM,Boston Beer Company,,949870,0000949870,company_tickers,SAM,False,True
SANM,Sanmina Corporation,Information Technology,897723,0000897723,company_tickers,SANM,True,True
SARO,StandardAero,Industrials,2025410,0002025410,company_tickers,SARO,True,True
SATS,EchoStar,,1415404,0001415404,form4_symbol,SATS,False,False
SBH,Sally Beauty Holdings,,1368458,0001368458,company_tickers,SBH,False,False
SBNY,Signature Bank,,,,,SBNY,False,False
SBRA,Sabra Health Care REIT,Real Estate,1492298,0001492298,company_tickers,SBRA,True,True
SCI,Service Corp Intl,Consumer Discretionary,89089,0000089089,company_tickers,SCI,True,True
SEDG,SolarEdge,,1419612,0001419612,company_tickers,SEDG,False,False
SEIC,SEI Investments Company,Financials,350894,0000350894,company_tickers,SEIC,True,True
SF,Stifel,Financials,720672,0000720672,company_tickers,SF,True,True
SFM,Sprouts Farmers Market,Consumer Staples,1575515,0001575515,company_tickers,SFM,True,True
SGI,Somnigroup International,Consumer Discretionary,1206264,0001206264,company_tickers,SGI,True,True
SHC,Sotera Health,Health Care,1822479,0001822479,company_tickers,SHC,True,True
SIG,Signet Jewelers Ltd,,832988,0000832988,company_tickers,SIG,False,False
SIGI,Selective Insurance Group,Financials,230557,0000230557,company_tickers,SIGI,True,True
SIRI,SiriusXM,Communication Services,908937,0000908937,company_tickers,SIRI,True,True
SITM,SiTime,Information Technology,1451809,0001451809,company_tickers,SITM,True,True
SIX,Six Flags,,701374,0000701374,form4_symbol,SIX,False,False
SKT,Tanger Factory Outlet Centers,,899715,0000899715,company_tickers,SKT,False,False
SKX,Skechers,,1065837,0001065837,form4_symbol,SKX,False,False
SLAB,Silicon Labs,Information Technology,1038074,0001038074,company_tickers,SLAB,True,True
SLG,SL Green Realty,,1040971,0001040971,company_tickers,SLG,False,False
SLGN,Silgan Holdings,Materials,849869,0000849869,company_tickers,SLGN,True,True
SLM,SLM Corp,Financials,1032033,0001032033,company_tickers,SLM,True,True
SM,SM Energy,,893538,0000893538,company_tickers,SM,False,False
SMCI,Supermicro,,1375365,0001375365,company_tickers,SMCI,False,False
SMG,Scotts Miracle-Gro Company,Materials,825542,0000825542,company_tickers,SMG,True,True
SMTC,Semtech,Information Technology,88941,0000088941,company_tickers,SMTC,True,True
SN,SharkNinja,Consumer Discretionary,1957132,0001957132,company_tickers,SN,True,True
SNV,Synovus,,18349,0000018349,form4_symbol,SNV,False,False
SNX,TD Synnex,Information Technology,1177394,0001177394,company_tickers,SNX,True,True
SOLS,Solstice Advanced Materials,Materials,2064953,0002064953,company_tickers,SOLS,True,True
SON,Sonoco,Materials,91767,0000091767,company_tickers,SON,True,True
SPN,Superior Energy Services,,886835,0000886835,form4_symbol,SPN,False,False
SPWR,SunPower,,1838987,0001838987,company_tickers,SPWR,False,False
SPXC,SPX Technologies,Industrials,88205,0000088205,company_tickers,SPXC,True,True
SR,Spire,Utilities,1126956,0001126956,company_tickers,SR,True,True
SRC,Spirit Realty,,1308606,0001308606,form4_symbol,SRC,False,False
SRCL,Stericycle,,861878,0000861878,form4_symbol,SRCL,False,False
SRPT,Sarepta Therapeutics,,873303,0000873303,company_tickers,SRPT,False,False
SSB,South State Bank,Financials,764038,0000764038,company_tickers,SSB,True,True
SSD,Simpson Manufacturing,Industrials,920371,0000920371,company_tickers,SSD,True,True
ST,Sensata Technologies,Industrials,1477294,0001477294,company_tickers,ST,True,True
STAA,STAAR Surgical,,718937,0000718937,company_tickers,STAA,False,False
STAG,STAG Industrial,Real Estate,1479094,0001479094,company_tickers,STAG,True,True
STE,STERIS plc,,1757898,0001757898,company_tickers,STE,False,False
STL,Sterling Bancorp,,1070154,0001070154,form4_symbol,STL,False,False
STLD,Steel Dynamics,,1022671,0001022671,company_tickers,STLD,False,False
STOR,Store Capital,,1538990,0001538990,form4_symbol,STOR,False,False
STRA,"Strategic Education, Inc.",,1013934,0001013934,company_tickers,STRA,False,False
STRL,Sterling Infrastructure,Industrials,874238,0000874238,company_tickers,STRL,True,True
STWD,Starwood Property Trust,Financials,1465128,0001465128,company_tickers,STWD,True,True
SVC,Service Properties Trust,,945394,0000945394,company_tickers,SVC,False,False
SWAV,Shockwave Medical,,1642545,0001642545,form4_symbol,SWAV,False,False
SWN,Southwestern Energy,,7332,0000007332,form4_symbol,SWN,False,False
SWX,Southwest Gas Corp,Utilities,1692115,0001692115,company_tickers,SWX,True,True
SXT,Sensient Technologies,,310142,0000310142,company_tickers,SXT,False,False
SYNA,Synaptics,Information Technology,817720,0000817720,company_tickers,SYNA,True,True
SYNH,Syneos Health,,1610950,0001610950,form4_symbol,SYNH,False,False
TCBI,Texas Capital Bancshares,Financials,1077428,0001077428,company_tickers,TCBI,True,True
TCF,TCF Financial Corporation,,19612,0000019612,form4_symbol,TCF,False,False
TCO,Taubman Centers,,890319,0000890319,form4_symbol,TCO,False,False
TDC,Teradata,,816761,0000816761,company_tickers,TDC,False,False
TDS,Telephone and Data Systems,,1051512,0001051512,company_tickers,TDS,False,False
TDY,Teledyne Technologies,,1094285,0001094285,company_tickers,TDY,False,False
TECD,Tech Data,,790703,0000790703,form4_symbol,TECD,False,False
TECH,Bio-Techne,,842023,0000842023,company_tickers,TECH,False,False
TER,Teradyne,,97210,0000097210,company_tickers,TER,False,False
TEX,Terex,Industrials,97216,0000097216,company_tickers,TEX,True,True
TFX,Teleflex,,96943,0000096943,company_tickers,TFX,False,False
TGNA,Tegna Inc.,,39899,0000039899,form4_symbol,TGNA,False,False
THC,Tenet Health,Health Care,70318,0000070318,company_tickers,THC,True,True
THG,Hanover Insurance,Financials,944695,0000944695,company_tickers,THG,True,True
THO,Thor Industries,Consumer Discretionary,730263,0000730263,company_tickers,THO,True,True
THS,TreeHouse Foods,,1320695,0001320695,form4_symbol,THS,False,False
TKO,TKO Group Holdings,,1973266,0001973266,company_tickers,TKO,False,False
TKR,Timken,Industrials,98362,0000098362,company_tickers,TKR,True,True
TLN,Talen Energy,Utilities,1622536,0001622536,company_tickers,TLN,True,True
TMHC,Taylor Morrison,,1562476,0001562476,form4_symbol,TMHC,False,False
TNDM,Tandem Diabetes Care,,1438133,0001438133,company_tickers,TNDM,False,False
TNL,Travel + Leisure Co.,Consumer Discretionary,1361658,0001361658,company_tickers,TNL,True,True
TOL,Toll Brothers,Consumer Discretionary,794170,0000794170,company_tickers,TOL,True,True
TOST,"Toast, Inc.",Financials,1650164,0001650164,company_tickers,TOST,True,True
TPH,Tri Pointe Homes,,1561680,0001561680,form4_symbol,TPH,False,False
TPL,Texas Pacific Land Corporation,,1811074,0001811074,company_tickers,TPL,False,False
TR,Tootsie Roll,,98677,0000098677,company_tickers,TR,False,False
TREE,LendingTree,,1434621,0001434621,company_tickers,TREE,False,False
TREX,Trex,Industrials,1069878,0001069878,company_tickers,TREX,True,True
TRGP,Targa Resources,,1389170,0001389170,company_tickers,TRGP,False,False
TRIP,Tripadvisor,,1526520,0001526520,company_tickers,TRIP,False,False
TRMB,Trimble Inc.,,864749,0000864749,company_tickers,TRMB,False,False
TRMK,Trustmark Corporation,,36146,0000036146,company_tickers,TRMK,False,False
TRN,Trinity Industries,,99780,0000099780,company_tickers,TRN,False,False
TRU,TransUnion,Industrials,1552033,0001552033,company_tickers,TRU,True,True
TTC,Toro,Industrials,737758,0000737758,company_tickers,TTC,True,True
TTEK,Tetra Tech,Industrials,831641,0000831641,company_tickers,TTEK,True,True
TTMI,TTM Technologies,Information Technology,1116942,0001116942,company_tickers,TTMI,True,True
TUP,Tupperware Brands Corp,,1008654,0001008654,form4_symbol,TUP,False,False
TWLO,Twilio,Information Technology,1447669,0001447669,company_tickers,TWLO,True,True
TXNM,TXNM Energy,Utilities,1108426,0001108426,company_tickers,TXNM,True,True
TXRH,Texas Roadhouse,Consumer Discretionary,1289460,0001289460,company_tickers,TXRH,True,True
TYL,Tyler Technologies,,860731,0000860731,company_tickers,TYL,False,False
UAA,Under Armour,,1336917,0001336917,company_tickers,UAA,False,False
UBSI,United Bankshares,Financials,729986,0000729986,company_tickers,UBSI,True,True
UE,Urban Edge Properties,,1611547,0001611547,company_tickers,UE,False,False
UFPI,UFP Industries,Industrials,912767,0000912767,company_tickers,UFPI,True,True
UFS,Domtar,,1381531,0001381531,form4_symbol,UFS,False,False
UGI,UGI Corp,Utilities,884614,0000884614,company_tickers,UGI,True,True
ULS,UL Solutions,Industrials,1901440,0001901440,company_tickers,ULS,True,True
ULTI,Ultimate Software Group,,1016125,0001016125,form4_symbol,ULTI,False,False
UMBF,UMB Financial Corp.,Financials,101382,0000101382,company_tickers,UMBF,True,True
UMPQ,Umpqua Bank,,1077771,0001077771,form4_symbol,UMPQ,False,False
UNFI,United Natural Foods,,1020859,0001020859,company_tickers,UNFI,False,False
UNIT,Uniti Group,,2020795,0002020795,company_tickers,UNIT,False,False
UNM,Unum,Financials,5513,0000005513,company_tickers,UNM,True,True
UNVR,Univar Solutions,,1494319,0001494319,form4_symbol,UNVR,False,False
URBN,Urban Outfitters,,912615,0000912615,company_tickers,URBN,False,False
USFD,US Foods,Consumer Staples,1665918,0001665918,company_tickers,USFD,True,True
UTHR,United Therapeutics,Health Care,1082554,0001082554,company_tickers,UTHR,True,True
VAC,Marriott Vacations Worldwide,,1524358,0001524358,company_tickers,VAC,False,False
VAL,Valaris,Energy,314808,0000314808,company_tickers,VAL,True,True
VC,Visteon,Consumer Discretionary,1111335,0001111335,company_tickers,VC,True,True
VFC,VF Corporation,Consumer Discretionary,103379,0000103379,company_tickers,VFC,True,True
VIAV,Viavi Solutions,Information Technology,912093,0000912093,company_tickers,VIAV,True,True
VICR,Vicor Corporation,Industrials,751978,0000751978,company_tickers,VICR,True,True
VLY,Valley Bank,Financials,714310,0000714310,company_tickers,VLY,True,True
VMI,Valmont Industries,Industrials,102729,0000102729,company_tickers,VMI,True,True
VNO,Vornado Realty Trust,Real Estate,899689,0000899689,company_tickers,VNO,True,True
VNOM,Viper Energy,Energy,2074176,0002074176,company_tickers,VNOM,True,True
VNT,Vontier,Information Technology,1786842,0001786842,company_tickers,VNT,True,True
VOYA,Voya Financial,Financials,1535929,0001535929,company_tickers,VOYA,True,True
VSAT,Viasat,,797721,0000797721,company_tickers,VSAT,False,False
VSCO,Victoria's Secret,,1856437,0001856437,form4_symbol,VSCO,False,False
VSH,Vishay Intertechnology,,103730,0000103730,company_tickers,VSH,False,False
VSM,Versum Materials,,1660690,0001660690,form4_symbol,VSM,False,False
VST,Vistra,,1692819,0001692819,company_tickers,VST,False,False
VSTS,Vestis,,1967649,0001967649,company_tickers,VSTS,False,False
VVC,Vectren,,1096385,0001096385,form4_symbol,VVC,False,False
VVV,Valvoline,Consumer Discretionary,1674910,0001674910,company_tickers,VVV,True,True
VYX,NCR Voyix,,70866,0000070866,company_tickers,VYX,False,False
WAB,Wabtec,,943452,0000943452,cik_overrides,WAB,False,False
WAFD,"WaFd, Inc.",,936528,0000936528,company_tickers,WAFD,False,False
WAL,Western Alliance Bancorporation,Financials,1212545,0001212545,company_tickers,WAL,True,True
WBS,Webster Bank,,801337,0000801337,form4_symbol,WBS,False,True
WCC,WESCO International,Industrials,929008,0000929008,company_tickers,WCC,True,True
WCG,WellCare,,1279363,0001279363,form4_symbol,WCG,False,False
WEN,Wendy's,,30697,0000030697,company_tickers,WEN,False,False
WERN,Werner Enterprises,,793074,0000793074,company_tickers,WERN,False,False
WEX,WEX Inc.,Financials,1309108,0001309108,company_tickers,WEX,True,True
WFRD,Weatherford International,Energy,1603923,0001603923,company_tickers,WFRD,True,True
WH,Wyndham Hotels & Resorts,Consumer Discretionary,1722684,0001722684,company_tickers,WH,True,True
WHR,Whirlpool Corporation,Consumer Discretionary,106640,0000106640,company_tickers,WHR,True,True
WING,Wingstop,Consumer Discretionary,1636222,0001636222,company_tickers,WING,True,True
WLK,Westlake Corporation,Materials,1262823,0001262823,company_tickers,WLK,True,True
WLY,John Wiley & Sons,,107140,0000107140,company_tickers,WLY,False,False
WMG,Warner Music Group,Communication Services,1319161,0001319161,company_tickers,WMG,True,True
WMS,Advanced Drainage Systems,Industrials,1604028,0001604028,company_tickers,WMS,True,True
WOLF,Wolfspeed,,895419,0000895419,company_tickers,WOLF,False,False
WOR,Worthington Industries,,108516,0000108516,company_tickers,WOR,False,False
WPC,W. P. Carey,Real Estate,1025378,0001025378,company_tickers,WPC,True,True
WPX,WPX Energy,,1518832,0001518832,form4_symbol,WPX,False,False
WRB,W.R. Berkley,,11544,0000011544,company_tickers,WRB,False,False
WRI,Weingarten Realty,,828916,0000828916,form4_symbol,WRI,False,False
WSM,"Williams-Sonoma, Inc.",,719955,0000719955,company_tickers,WSM,False,False
WSO,Watsco,Industrials,105016,0000105016,company_tickers,WSO,True,True
WST,West Pharmaceutical Services,,105770,0000105770,company_tickers,WST,False,False
WTFC,Wintrust Financial,Financials,1015328,0001015328,company_tickers,WTFC,True,True
WTRG,Essential Utilities,Utilities,78128,0000078128,company_tickers,WTRG,True,True
WTS,Watts Water Technologies,Industrials,795403,0000795403,company_tickers,WTS,True,True
WU,Western Union,,1365135,0001365135,company_tickers,WU,False,False
WW,WW International,,105319,0000105319,company_tickers,WW,False,False
WWD,"Woodward, Inc.",Industrials,108312,0000108312,company_tickers,WWD,True,True
X,U.S. Steel,,1163302,0001163302,form4_symbol,X,False,False
XEC,Cimarex Energy,,1168054,0001168054,form4_symbol,XEC,False,False
XPO,"XPO, Inc.",Industrials,1166003,0001166003,company_tickers,XPO,True,True
XRAY,Dentsply Sirona,Health Care,818479,0000818479,company_tickers,XRAY,True,True
XRX,Xerox,,1770450,0001770450,company_tickers,XRX,False,False
Y,Alleghany,,775368,0000775368,form4_symbol,Y,False,False
YELP,Yelp,,1345016,0001345016,company_tickers,YELP,False,False
YETI,Yeti Holdings,Consumer Discretionary,1670592,0001670592,company_tickers,YETI,True,True
ZBRA,Zebra Technologies,,877212,0000877212,company_tickers,ZBRA,False,False
ZD,Ziff Davis,,1084048,0001084048,company_tickers,ZD,False,False
ZION,Zions Bancorporation,Financials,109380,0000109380,company_tickers,ZION,True,True
