ticker,net_dollar_value,n_purchases,n_sales,n_distinct_insiders
JEF,318717006.32,1,0,1
FBIN,30638622.148500003,7,1,3
FOUR,15943101.7,2,0,1
HLNE,14241108.139999999,10,0,3
RYAN,4568609.120999999,6,0,5
ADC,2907343.4499999997,4,0,4
ACI,2515542.299,4,0,3
FCN,2076583.8,4,0,3
PSN,1972073.3599999999,4,0,2
CXT,1160078.0,2,0,2
VFC,1007762.1200000001,2,0,2
KBR,945165.6,4,0,4
RLI,858955.0,6,0,4
HOG,790676.0892,1,5,3
CELH,716358.0,3,0,3
PNFP,704675.3300000001,1,1,2
ACM,699391.02,3,0,3
MTDR,681443.26,10,0,6
ELAN,533557.3049999999,4,0,4
XRAY,515799.41153,5,0,5
CMC,504499.0,1,0,1
WCC,351254.39999999997,1,0,1
VVV,336837.0,3,1,4
EEFT,255748.6,2,0,1
PLNT,247700.0,1,0,1
DTM,240472.60000000003,3,0,2
SON,234161.8555,1,1,2
FLS,231614.99999999997,2,0,2
AMH,117021.16,9,0,1
CNM,95110.93800000001,1,0,1
FIVE,93309.15000000001,1,0,1
OLED,92840.0,1,0,1
FFIN,57603.0,2,0,2
TTEK,50179.0,1,0,1
RBA,26588.75,1,1,2
ENS,24674.76,1,0,1
KNSL,22527.5,1,1,2
GPK,0.0,1,0,1
DT,-10420.93,0,4,1
IRT,-24800.0,0,3,1
MZTI,-35358.51000000001,1,1,2
DAR,-39342.54999999999,2,1,2
VIAV,-59605.149999999994,0,1,1
OSK,-67599.3,0,1,1
TREX,-70000.0,0,1,1
POR,-79662.70999999999,0,1,1
OC,-84497.0,0,1,1
LPX,-89237.60999999999,0,1,1
COLB,-92810.68,1,2,2
ESAB,-95000.0,0,1,1
EGP,-98668.08,0,1,1
RGLD,-107925.0,0,1,1
CFR,-124119.567,0,1,1
CACI,-132100.32,0,1,1
BIO,-135597.0,0,1,1
SAIA,-136880.84,0,1,1
RRC,-140000.0,0,1,1
TEX,-142945.35,0,3,1
GLPI,-144960.0,0,1,1
DOCS,-147523.61,0,3,1
ITT,-150174.57,0,1,1
SSD,-156496.0,0,1,1
LAD,-157387.19999999998,0,3,3
KRG,-161374.5,0,1,1
AVAV,-162544.0,0,4,2
INGR,-170039.22,0,1,1
NOV,-184300.74000000002,0,1,1
RGEN,-185785.0,0,2,1
AN,-198000.0,0,1,1
AA,-215372.0,0,1,1
SR,-228229.22000000003,2,1,2
ARWR,-228333.59999999998,0,1,1
PEGA,-229616.09,0,5,2
LECO,-232214.45,0,1,1
LIVN,-232578.0,0,2,1
NJR,-233441.745,0,2,2
JLL,-240239.0955,0,2,1
FAF,-243924.35906890003,0,2,1
GGG,-257486.661,0,1,1
ALK,-263256.3,0,1,1
ENSG,-267692.52,0,5,4
GNTX,-272899.4256,0,2,2
FLR,-276200.0,0,1,1
VMI,-294881.83999999997,1,1,2
BKH,-304969.56909999996,0,1,1
BRKR,-317820.0,0,3,1
OGE,-352339.64999999997,0,1,1
VOYA,-359460.0,0,1,1
SF,-372233.0,0,2,1
VLY,-372991.85000000003,0,1,1
GME,-406591.137,0,3,2
IDA,-424463.4,0,2,2
FNB,-430108.475,0,2,2
HOMB,-431830.0,0,2,2
ALLY,-431876.0,0,2,1
ST,-437351.0085,0,2,2
HLI,-440808.49999999994,1,1,2
SGI,-445538.9939,0,2,1
AM,-458510.0,0,2,2
FTI,-462216.50000000006,0,1,1
CLH,-473557.8,0,2,2
MLI,-489460.124,0,3,2
PAG,-495807.654,0,2,2
XPO,-517471.92000000004,0,1,1
HR,-524873.79,0,1,1
AEIS,-552629.9,0,2,2
WBS,-573376.0,0,1,1
DINO,-573884.6,2,5,7
POST,-649839.2999999999,0,1,1
M,-667003.9173000001,0,2,2
CDE,-714636.75,1,1,2
IBOC,-720000.0,0,1,1
WTS,-802589.74,0,2,2
COLM,-825514.5,0,4,3
ONB,-844035.8596,0,2,2
UGI,-852494.1519999999,0,1,1
CRBG,-946824.0,0,3,1
ARMK,-974227.9998999999,0,2,1
TLN,-988000.0,0,1,1
AVT,-1023120.0000000001,0,1,1
VC,-1023776.0,0,4,3
EXPO,-1062099.1496000001,0,9,5
AYI,-1068098.6400000001,0,2,2
EXP,-1068397.5213000001,0,4,1
DUOL,-1073853.8518,0,7,3
CRS,-1090949.125,0,2,2
TXRH,-1115864.33,0,6,6
PB,-1124136.4457,0,62,2
NLY,-1144500.0,0,1,1
CDP,-1152575.254,0,2,2
BILL,-1204663.335,0,3,1
EXLS,-1213427.23,0,4,2
CHWY,-1220381.24,0,4,2
SIRI,-1239614.2884,0,3,3
AIT,-1268427.05,0,1,1
PR,-1282998.36,0,1,1
KRC,-1315740.564,0,3,3
CGNX,-1343456.6073999999,0,4,1
MOG.A,-1350047.28,0,4,2
TTC,-1377408.568485,1,9,5
NYT,-1377871.971,0,3,3
R,-1399160.25,0,2,2
PRI,-1404386.46,0,3,2
RBC,-1434882.179,0,5,5
WEX,-1448405.29,1,11,5
MANH,-1451421.5034999999,0,3,3
AHR,-1485492.5,0,3,2
WH,-1495978.3742000002,0,3,1
RGA,-1563030.85,0,3,2
SIGI,-1608155.82,0,1,1
HQY,-1651280.0,0,5,3
ORI,-1709567.8,0,3,3
EPR,-1734143.8517,0,8,5
SLAB,-1739843.9200000002,0,1,1
HWC,-1756834.6400000001,0,2,2
FHI,-1776213.8295,0,8,4
FN,-1779775.0,0,1,1
WFRD,-1873965.8699999999,0,3,2
RS,-1876872.02,0,3,2
CBSH,-1947334.767,0,6,6
PCTY,-1972512.44,0,6,4
CHE,-2001568.51,0,4,4
GMED,-2019072.5,0,1,1
CPRI,-2056085.2626,0,2,2
RNR,-2104922.165,0,4,2
SMG,-2154819.8689,0,4,3
BC,-2165062.0600000005,0,2,2
TKR,-2185675.8,0,2,2
NXST,-2189398.8456,1,39,13
SYNA,-2219590.04,0,19,4
STRL,-2220000.0,0,1,1
AFG,-2255038.6399999997,0,3,3
KEX,-2328748.7700000005,0,3,3
CCK,-2402175.0,0,2,1
DLB,-2405944.5012000003,0,10,5
MTZ,-2412605.0,0,1,1
ALV,-2548929.6070000003,0,1,1
IDCC,-2653037.08,0,12,8
CHRD,-2655577.7199999997,0,3,3
NTNX,-2666778.2505,0,2,1
EVR,-2678594.5216,0,1,1
HIMS,-2713716.4793,1,9,6
LSTR,-2750328.1614,0,2,2
CLF,-2874641.7888,0,1,1
EHC,-2958550.4699999997,0,2,1
CHH,-3034483.89,0,6,2
ANF,-3150000.0,0,3,1
NOVT,-3271857.06,0,13,1
SSB,-3378553.52,0,5,1
ALGM,-3419562.5805,0,7,7
MOH,-3429913.3200000003,0,2,2
DOCU,-3476076.71,0,13,8
LSCC,-3546550.0277,0,19,3
BWA,-3564276.25,0,6,5
GATX,-3584610.5316,0,5,2
MUSA,-3689902.33,0,4,4
KNX,-3767242.0,0,2,2
WAL,-3777203.44,0,3,2
CROX,-3860284.0012,0,3,1
MSA,-3898217.9248,1,2,3
TRU,-3934484.21,0,9,5
SANM,-3950100.42,0,3,2
DBX,-3993851.5613,0,20,8
CW,-4158611.183238,1,5,4
EWBC,-4177736.0,0,5,2
GWRE,-4180571.943,0,20,5
ATR,-4477776.1007,0,10,5
DKS,-4581338.07,0,2,1
CUBE,-4601625.3692,0,1,1
VNO,-4815016.0,4,2,2
CRUS,-5097780.1,0,10,5
CNO,-5202051.9704,0,6,2
ORA,-5266289.045,0,10,7
ASB,-5429570.4755,0,10,6
UMBF,-5655922.6752,0,15,9
AAL,-5669689.2787999995,0,9,3
AMG,-5691065.0,1,1,2
AMKR,-5767747.0,0,11,6
FCFS,-5917013.5,0,7,4
ENTG,-6186636.58,0,8,5
ZION,-6283805.015,0,8,3
WWD,-6337143.5200000005,0,9,3
EXEL,-6555230.63,0,6,6
SFM,-6683776.2932,0,7,2
SMTC,-6884937.3904,0,23,8
CVLT,-6972070.319,0,20,5
ULS,-7109924.1776,4,16,6
FNF,-7153734.5832,0,2,2
HALO,-7737315.465,0,27,3
JAZZ,-7968950.83,0,9,6
RRX,-8305644.77,0,10,4
MTG,-8366517.771,0,7,4
THG,-8415430.96,0,14,7
KTOS,-8415683.4284,0,52,9
EQH,-8698929.310697,12,19,7
GEF,-8813492.920761,0,12,7
LEA,-9440430.546,0,12,5
CART,-9478717.4658,0,7,4
SARO,-9496463.0225,0,9,1
ESNT,-9593934.270000001,0,7,3
BYD,-10141058.11,0,4,4
RMBS,-10373056.034400001,0,9,6
ARW,-10547220.065,0,6,3
TCBI,-10566137.3486555,1,4,4
QLYS,-10690340.0371,0,55,6
TOST,-10802596.161,0,19,6
THC,-11018123.219999999,0,13,8
BJ,-11041491.41,0,9,2
ELF,-11924400.2855,0,22,7
HGV,-12709002.715,0,5,3
BURL,-13069894.45,0,23,4
CYTK,-13154148.45,0,21,6
TOL,-13328824.533100002,0,2,2
FND,-13593174.7,0,1,1
SNX,-13977948.94,0,52,3
TNL,-14259189.2,0,9,7
MORN,-14432771.768099999,0,57,3
AAON,-15000029.52,0,10,5
LFUS,-15781973.23,0,18,7
KRYS,-15946982.3042,0,24,3
MEDP,-16203053.9,0,4,3
NVT,-16387500.61856,0,7,3
SEIC,-16749298.506,0,14,8
KBH,-17872340.17,0,9,4
PINS,-18577344.9785,0,24,4
MKSI,-19624871.895,0,22,11
IPGP,-19738441.53,0,36,7
RH,-20024728.237299997,3,15,3
TTMI,-20911916.63,0,240,10
OKTA,-22040184.7724,0,24,5
NXT,-22782153.41,0,13,6
PFGC,-23481140.39,0,32,5
APPF,-26171752.74,0,183,5
MTSI,-27732036.2056,0,58,6
ATI,-28232244.69,0,20,1
SCI,-28423918.4778,0,4,3
H,-30164403.9,0,22,7
ROKU,-32463533.919999998,0,46,9
AGCO,-56996782.1612,0,3,2
MP,-57155898.54000001,2,16,2
NBIX,-62449069.65889999,0,27,9
IESC,-99698965.16,0,25,2
P,-105101612.17999999,0,59,6
APG,-110811336.35,0,9,4
VICR,-174324713.2032,0,553,11
ROIV,-209891746.64000002,0,25,7
TWLO,-210981053.3143,0,32,4
PBF,-238118505.99400002,0,32,6
CAVA,-277911099.94,4,12,9
ILMN,-304026124.79,0,53,4
BROS,-359231534.6108,1,37,5
SITM,-366017740.40999997,0,19,9
UTHR,-407611775.9046,1,801,5
DOCN,-505133976.44000006,0,6,4
SN,-563325390.49,0,10,5
SHC,-772676197.4399999,0,3,2
BTSG,-1734371748.526,0,6,5
